DATE,VIXCLS,DGS10,T10Y2Y,UNRATE
2015-12-31,18.21,2.27,1.21,
2016-01-01,18.21,2.27,1.21,4.8
2016-01-04,20.7,2.24,1.22,4.8
2016-01-05,19.34,2.25,1.21,4.8
2016-01-06,20.59,2.18,1.19,4.8
2016-01-07,24.99,2.16,1.2,4.8
2016-01-08,27.01,2.13,1.19,4.8
2016-01-11,24.3,2.17,1.23,4.8
2016-01-12,22.47,2.12,1.19,4.8
2016-01-13,25.22,2.08,1.17,4.8
2016-01-14,23.95,2.1,1.2,4.8
2016-01-15,27.02,2.03,1.18,4.8
2016-01-18,27.02,2.03,1.18,4.8
2016-01-19,26.05,2.06,1.18,4.8
2016-01-20,27.59,2.01,1.16,4.8
2016-01-21,26.69,2.02,1.18,4.8
2016-01-22,22.34,2.07,1.19,4.8
2016-01-25,24.15,2.03,1.15,4.8
2016-01-26,22.5,2.01,1.16,4.8
2016-01-27,23.11,2.02,1.18,4.8
2016-01-28,22.42,2.0,1.17,4.8
2016-01-29,20.2,1.94,1.18,4.8
2016-02-01,19.98,1.97,1.16,4.9
2016-02-02,21.98,1.87,1.12,4.9
2016-02-03,21.65,1.88,1.16,4.9
2016-02-04,21.84,1.87,1.17,4.9
2016-02-05,23.38,1.86,1.12,4.9
2016-02-08,26.0,1.75,1.09,4.9
2016-02-09,26.54,1.74,1.05,4.9
2016-02-10,26.29,1.71,1.0,4.9
2016-02-11,28.14,1.63,0.99,4.9
2016-02-12,25.4,1.74,1.03,4.9
2016-02-15,25.4,1.74,1.03,4.9
2016-02-16,24.11,1.78,1.04,4.9
2016-02-17,22.31,1.81,1.07,4.9
2016-02-18,21.64,1.75,1.04,4.9
2016-02-19,20.53,1.76,1.0,4.9
2016-02-22,19.38,1.77,0.99,4.9
2016-02-23,20.98,1.74,0.98,4.9
2016-02-24,20.72,1.75,1.0,4.9
2016-02-25,19.11,1.71,0.99,4.9
2016-02-26,19.81,1.76,0.96,4.9
2016-02-29,20.55,1.74,0.96,4.9
2016-03-01,17.7,1.83,0.98,5.0
2016-03-02,17.09,1.84,0.99,5.0
2016-03-03,16.7,1.83,0.98,5.0
2016-03-04,16.86,1.88,1.0,5.0
2016-03-07,17.35,1.91,1.0,5.0
2016-03-08,18.67,1.83,0.95,5.0
2016-03-09,18.34,1.9,1.0,5.0
2016-03-10,18.05,1.93,1.0,5.0
2016-03-11,16.5,1.98,1.01,5.0
2016-03-14,16.92,1.97,1.0,5.0
2016-03-15,16.84,1.97,0.99,5.0
2016-03-16,14.99,1.94,1.07,5.0
2016-03-17,14.44,1.91,1.04,5.0
2016-03-18,14.02,1.88,1.04,5.0
2016-03-21,13.79,1.92,1.05,5.0
2016-03-22,14.17,1.94,1.03,5.0
2016-03-23,14.94,1.88,1.01,5.0
2016-03-24,14.74,1.91,1.02,5.0
2016-03-25,14.74,1.91,1.02,5.0
2016-03-28,15.24,1.89,1.0,5.0
2016-03-29,13.82,1.81,1.03,5.0
2016-03-30,13.56,1.83,1.07,5.0
2016-03-31,13.95,1.78,1.05,5.0
2016-04-01,13.1,1.79,1.03,5.1
2016-04-04,14.12,1.78,1.03,5.1
2016-04-05,15.42,1.73,1.01,5.1
2016-04-06,14.09,1.76,1.03,5.1
2016-04-07,16.16,1.7,1.0,5.1
2016-04-08,15.36,1.72,1.02,5.1
2016-04-11,16.26,1.73,1.03,5.1
2016-04-12,14.85,1.79,1.05,5.1
2016-04-13,13.84,1.77,1.02,5.1
2016-04-14,13.72,1.8,1.03,5.1
2016-04-15,13.62,1.76,1.02,5.1
2016-04-18,13.35,1.78,1.03,5.1
2016-04-19,13.24,1.79,1.02,5.1
2016-04-20,13.28,1.85,1.05,5.1
2016-04-21,13.95,1.88,1.06,5.1
2016-04-22,13.22,1.89,1.05,5.1
2016-04-25,14.08,1.91,1.06,5.1
2016-04-26,13.96,1.94,1.08,5.1
2016-04-27,13.77,1.87,1.04,5.1
2016-04-28,15.22,1.84,1.06,5.1
2016-04-29,15.7,1.83,1.06,5.1
2016-05-01,15.7,1.83,1.06,4.8
2016-05-02,14.68,1.88,1.08,4.8
2016-05-03,15.6,1.81,1.06,4.8
2016-05-04,16.05,1.79,1.04,4.8
2016-05-05,15.91,1.76,1.04,4.8
2016-05-06,14.72,1.79,1.05,4.8
2016-05-09,14.57,1.77,1.05,4.8
2016-05-10,13.63,1.77,1.05,4.8
2016-05-11,14.69,1.73,0.99,4.8
2016-05-12,14.41,1.75,0.99,4.8
2016-05-13,15.04,1.71,0.95,4.8
2016-05-16,14.68,1.75,0.96,4.8
2016-05-17,15.57,1.76,0.94,4.8
2016-05-18,15.95,1.87,0.97,4.8
2016-05-19,16.33,1.85,0.96,4.8
2016-05-20,15.2,1.85,0.96,4.8
2016-05-23,15.82,1.84,0.93,4.8
2016-05-24,14.42,1.86,0.94,4.8
2016-05-25,13.9,1.87,0.95,4.8
2016-05-26,13.43,1.83,0.96,4.8
2016-05-27,13.12,1.85,0.95,4.8
2016-05-30,13.12,1.85,0.95,4.8
2016-05-31,14.19,1.84,0.97,4.8
2016-06-01,14.2,1.85,0.94,4.9
2016-06-02,13.63,1.81,0.92,4.9
2016-06-03,13.47,1.71,0.93,4.9
2016-06-06,13.65,1.73,0.93,4.9
2016-06-07,14.05,1.72,0.94,4.9
2016-06-08,14.08,1.71,0.93,4.9
2016-06-09,14.64,1.68,0.91,4.9
2016-06-10,17.03,1.64,0.91,4.9
2016-06-13,20.97,1.62,0.89,4.9
2016-06-14,20.5,1.62,0.88,4.9
2016-06-15,20.14,1.6,0.91,4.9
2016-06-16,19.37,1.57,0.87,4.9
2016-06-17,19.41,1.62,0.92,4.9
2016-06-20,18.37,1.67,0.93,4.9
2016-06-21,18.48,1.71,0.95,4.9
2016-06-22,21.17,1.69,0.94,4.9
2016-06-23,17.25,1.74,0.96,4.9
2016-06-24,25.76,1.57,0.93,4.9
2016-06-27,23.85,1.46,0.85,4.9
2016-06-28,18.75,1.46,0.85,4.9
2016-06-29,16.64,1.5,0.88,4.9
2016-06-30,15.63,1.49,0.91,4.9
2016-07-01,14.77,1.46,0.87,4.8
2016-07-04,14.77,1.46,0.87,4.8
2016-07-05,15.58,1.37,0.81,4.8
2016-07-06,14.96,1.38,0.8,4.8
2016-07-07,14.76,1.4,0.82,4.8
2016-07-08,13.2,1.37,0.76,4.8
2016-07-11,13.54,1.43,0.77,4.8
2016-07-12,13.55,1.53,0.84,4.8
2016-07-13,13.04,1.48,0.8,4.8
2016-07-14,12.82,1.53,0.85,4.8
2016-07-15,12.67,1.6,0.89,4.8
2016-07-18,12.44,1.59,0.91,4.8
2016-07-19,11.97,1.56,0.86,4.8
2016-07-20,11.77,1.59,0.86,4.8
2016-07-21,12.74,1.57,0.87,4.8
2016-07-22,12.02,1.57,0.86,4.8
2016-07-25,12.87,1.58,0.86,4.8
2016-07-26,13.05,1.57,0.82,4.8
2016-07-27,12.83,1.52,0.79,4.8
2016-07-28,12.72,1.52,0.8,4.8
2016-07-29,11.87,1.46,0.79,4.8
2016-08-01,12.44,1.51,0.84,4.9
2016-08-02,13.37,1.55,0.88,4.9
2016-08-03,12.86,1.55,0.88,4.9
2016-08-04,12.42,1.51,0.87,4.9
2016-08-05,11.39,1.59,0.87,4.9
2016-08-08,11.5,1.59,0.85,4.9
2016-08-09,11.66,1.55,0.84,4.9
2016-08-10,12.05,1.5,0.81,4.9
2016-08-11,11.68,1.57,0.81,4.9
2016-08-12,11.55,1.51,0.8,4.9
2016-08-15,11.81,1.55,0.83,4.9
2016-08-16,12.64,1.57,0.81,4.9
2016-08-17,12.19,1.56,0.82,4.9
2016-08-18,11.43,1.53,0.82,4.9
2016-08-19,11.34,1.58,0.82,4.9
2016-08-22,12.27,1.55,0.79,4.9
2016-08-23,12.38,1.55,0.81,4.9
2016-08-24,13.45,1.56,0.8,4.9
2016-08-25,13.63,1.58,0.8,4.9
2016-08-26,13.65,1.62,0.78,4.9
2016-08-29,12.94,1.57,0.76,4.9
2016-08-30,13.12,1.57,0.77,4.9
2016-08-31,13.42,1.58,0.78,4.9
2016-09-01,13.48,1.57,0.79,5.0
2016-09-02,11.98,1.6,0.8,5.0
2016-09-05,11.98,1.6,0.8,5.0
2016-09-06,12.02,1.55,0.81,5.0
2016-09-07,11.94,1.54,0.8,5.0
2016-09-08,12.51,1.61,0.83,5.0
2016-09-09,17.5,1.67,0.88,5.0
2016-09-12,15.16,1.68,0.89,5.0
2016-09-13,17.85,1.73,0.93,5.0
2016-09-14,18.14,1.7,0.93,5.0
2016-09-15,16.3,1.71,0.97,5.0
2016-09-16,15.37,1.7,0.93,5.0
2016-09-19,15.53,1.7,0.91,5.0
2016-09-20,15.92,1.69,0.9,5.0
2016-09-21,13.3,1.66,0.87,5.0
2016-09-22,12.02,1.63,0.84,5.0
2016-09-23,12.29,1.62,0.85,5.0
2016-09-26,14.5,1.59,0.83,5.0
2016-09-27,13.1,1.56,0.81,5.0
2016-09-28,12.39,1.57,0.82,5.0
2016-09-29,14.02,1.56,0.83,5.0
2016-09-30,13.29,1.6,0.83,5.0
2016-10-01,13.29,1.6,0.83,4.9
2016-10-03,13.57,1.63,0.83,4.9
2016-10-04,13.63,1.69,0.87,4.9
2016-10-05,12.99,1.72,0.87,4.9
2016-10-06,12.84,1.75,0.89,4.9
2016-10-07,13.48,1.73,0.9,4.9
2016-10-10,13.38,1.73,0.9,4.9
2016-10-11,15.36,1.77,0.9,4.9
2016-10-12,15.91,1.79,0.92,4.9
2016-10-13,16.69,1.75,0.9,4.9
2016-10-14,16.12,1.8,0.96,4.9
2016-10-17,16.21,1.77,0.96,4.9
2016-10-18,15.28,1.75,0.93,4.9
2016-10-19,14.41,1.76,0.95,4.9
2016-10-20,13.75,1.76,0.92,4.9
2016-10-21,13.34,1.74,0.9,4.9
2016-10-24,13.02,1.77,0.93,4.9
2016-10-25,13.46,1.77,0.91,4.9
2016-10-26,14.24,1.79,0.93,4.9
2016-10-27,15.36,1.85,0.98,4.9
2016-10-28,16.19,1.86,1.0,4.9
2016-10-31,17.06,1.84,0.98,4.9
2016-11-01,18.56,1.83,1.0,4.7
2016-11-02,19.32,1.81,1.0,4.7
2016-11-03,22.08,1.82,1.01,4.7
2016-11-04,22.51,1.79,0.99,4.7
2016-11-07,18.71,1.83,1.01,4.7
2016-11-08,18.74,1.88,1.01,4.7
2016-11-09,14.38,2.07,1.17,4.7
2016-11-10,14.74,2.15,1.23,4.7
2016-11-11,14.17,2.15,1.23,4.7
2016-11-14,14.48,2.23,1.23,4.7
2016-11-15,13.37,2.23,1.21,4.7
2016-11-16,13.72,2.22,1.22,4.7
2016-11-17,13.35,2.29,1.25,4.7
2016-11-18,12.85,2.34,1.27,4.7
2016-11-21,12.42,2.33,1.25,4.7
2016-11-22,12.41,2.31,1.24,4.7
2016-11-23,12.43,2.36,1.24,4.7
2016-11-24,12.43,2.36,1.24,4.7
2016-11-25,12.34,2.36,1.24,4.7
2016-11-28,13.15,2.32,1.21,4.7
2016-11-29,12.9,2.3,1.21,4.7
2016-11-30,13.33,2.37,1.26,4.7
2016-12-01,14.07,2.45,1.31,4.7
2016-12-02,14.12,2.4,1.29,4.7
2016-12-05,12.14,2.39,1.26,4.7
2016-12-06,11.79,2.39,1.27,4.7
2016-12-07,12.22,2.34,1.24,4.7
2016-12-08,12.64,2.4,1.28,4.7
2016-12-09,11.75,2.47,1.32,4.7
2016-12-12,12.64,2.49,1.34,4.7
2016-12-13,12.72,2.48,1.31,4.7
2016-12-14,13.19,2.54,1.27,4.7
2016-12-15,12.79,2.6,1.31,4.7
2016-12-16,12.2,2.6,1.32,4.7
2016-12-19,11.71,2.54,1.3,4.7
2016-12-20,11.45,2.57,1.32,4.7
2016-12-21,11.27,2.55,1.34,4.7
2016-12-22,11.43,2.55,1.33,4.7
2016-12-23,11.44,2.55,1.33,4.7
2016-12-26,11.44,2.55,1.33,4.7
2016-12-27,11.99,2.57,1.29,4.7
2016-12-28,12.95,2.51,1.25,4.7
2016-12-29,13.37,2.49,1.27,4.7
2016-12-30,14.04,2.45,1.25,4.7
2017-01-01,14.04,2.45,1.25,4.7
2017-01-02,14.04,2.45,1.25,4.7
2017-01-03,12.85,2.45,1.23,4.7
2017-01-04,11.85,2.46,1.22,4.7
2017-01-05,11.67,2.37,1.2,4.7
2017-01-06,11.32,2.42,1.2,4.7
2017-01-09,11.56,2.38,1.17,4.7
2017-01-10,11.49,2.38,1.19,4.7
2017-01-11,11.26,2.38,1.18,4.7
2017-01-12,11.54,2.36,1.18,4.7
2017-01-13,11.23,2.4,1.19,4.7
2017-01-16,11.23,2.4,1.19,4.7
2017-01-17,11.87,2.33,1.16,4.7
2017-01-18,12.48,2.42,1.19,4.7
2017-01-19,12.78,2.47,1.22,4.7
2017-01-20,11.54,2.48,1.28,4.7
2017-01-23,11.77,2.41,1.25,4.7
2017-01-24,11.07,2.47,1.26,4.7
2017-01-25,10.81,2.53,1.3,4.7
2017-01-26,10.63,2.51,1.3,4.7
2017-01-27,10.58,2.49,1.27,4.7
2017-01-30,11.88,2.49,1.27,4.7
2017-01-31,11.99,2.45,1.26,4.7
2017-02-01,11.81,2.48,1.26,4.6
2017-02-02,11.93,2.48,1.27,4.6
2017-02-03,10.97,2.49,1.28,4.6
2017-02-06,11.37,2.42,1.26,4.6
2017-02-07,11.29,2.4,1.24,4.6
2017-02-08,11.45,2.34,1.19,4.6
2017-02-09,10.88,2.4,1.2,4.6
2017-02-10,10.85,2.41,1.21,4.6
2017-02-13,11.07,2.43,1.23,4.6
2017-02-14,10.74,2.47,1.22,4.6
2017-02-15,11.97,2.51,1.24,4.6
2017-02-16,11.76,2.45,1.23,4.6
2017-02-17,11.49,2.42,1.21,4.6
2017-02-20,11.49,2.42,1.21,4.6
2017-02-21,11.57,2.43,1.21,4.6
2017-02-22,11.74,2.42,1.2,4.6
2017-02-23,11.71,2.38,1.2,4.6
2017-02-24,11.47,2.31,1.19,4.6
2017-02-27,12.09,2.36,1.16,4.6
2017-02-28,12.92,2.36,1.14,4.6
2017-03-01,12.54,2.46,1.17,4.4
2017-03-02,11.81,2.49,1.17,4.4
2017-03-03,10.96,2.49,1.17,4.4
2017-03-06,11.24,2.49,1.18,4.4
2017-03-07,11.45,2.52,1.2,4.4
2017-03-08,11.86,2.57,1.21,4.4
2017-03-09,12.3,2.6,1.23,4.4
2017-03-10,11.66,2.58,1.22,4.4
2017-03-13,11.35,2.62,1.22,4.4
2017-03-14,12.3,2.6,1.2,4.4
2017-03-15,11.63,2.51,1.18,4.4
2017-03-16,11.21,2.53,1.18,4.4
2017-03-17,11.28,2.5,1.17,4.4
2017-03-20,11.34,2.47,1.17,4.4
2017-03-21,12.47,2.43,1.16,4.4
2017-03-22,12.81,2.4,1.13,4.4
2017-03-23,13.12,2.41,1.15,4.4
2017-03-24,12.96,2.4,1.14,4.4
2017-03-27,12.5,2.38,1.11,4.4
2017-03-28,11.53,2.42,1.12,4.4
2017-03-29,11.42,2.39,1.13,4.4
2017-03-30,11.54,2.42,1.14,4.4
2017-03-31,12.37,2.4,1.13,4.4
2017-04-01,12.37,2.4,1.13,4.4
2017-04-03,12.38,2.35,1.11,4.4
2017-04-04,11.79,2.36,1.11,4.4
2017-04-05,12.89,2.34,1.1,4.4
2017-04-06,12.39,2.34,1.1,4.4
2017-04-07,12.87,2.38,1.09,4.4
2017-04-10,14.05,2.37,1.08,4.4
2017-04-11,15.07,2.32,1.08,4.4
2017-04-12,15.77,2.28,1.04,4.4
2017-04-13,15.96,2.24,1.03,4.4
2017-04-14,15.96,2.24,1.03,4.4
2017-04-17,14.66,2.26,1.05,4.4
2017-04-18,14.42,2.18,1.0,4.4
2017-04-19,14.93,2.21,1.02,4.4
2017-04-20,14.15,2.24,1.03,4.4
2017-04-21,14.63,2.24,1.04,4.4
2017-04-24,10.84,2.28,1.03,4.4
2017-04-25,10.76,2.35,1.06,4.4
2017-04-26,10.85,2.32,1.04,4.4
2017-04-27,10.36,2.3,1.05,4.4
2017-04-28,10.82,2.29,1.01,4.4
2017-05-01,10.11,2.33,1.05,4.4
2017-05-02,10.59,2.29,1.02,4.4
2017-05-03,10.68,2.33,1.03,4.4
2017-05-04,10.46,2.36,1.04,4.4
2017-05-05,10.57,2.36,1.04,4.4
2017-05-08,9.77,2.39,1.06,4.4
2017-05-09,9.96,2.42,1.05,4.4
2017-05-10,10.21,2.41,1.06,4.4
2017-05-11,10.6,2.39,1.04,4.4
2017-05-12,10.4,2.33,1.04,4.4
2017-05-15,10.42,2.34,1.03,4.4
2017-05-16,10.65,2.33,1.04,4.4
2017-05-17,15.59,2.22,0.96,4.4
2017-05-18,14.66,2.23,0.96,4.4
2017-05-19,12.04,2.23,0.95,4.4
2017-05-22,10.93,2.25,0.96,4.4
2017-05-23,10.72,2.29,0.98,4.4
2017-05-24,10.02,2.26,0.97,4.4
2017-05-25,9.99,2.25,0.95,4.4
2017-05-26,9.81,2.25,0.95,4.4
2017-05-29,9.81,2.25,0.95,4.4
2017-05-30,10.38,2.21,0.93,4.4
2017-05-31,10.41,2.21,0.93,4.4
2017-06-01,9.89,2.21,0.93,4.3
2017-06-02,9.75,2.15,0.87,4.3
2017-06-05,10.07,2.18,0.86,4.3
2017-06-06,10.45,2.14,0.84,4.3
2017-06-07,10.39,2.18,0.86,4.3
2017-06-08,10.16,2.19,0.86,4.3
2017-06-09,10.7,2.21,0.86,4.3
2017-06-12,11.46,2.21,0.86,4.3
2017-06-13,10.42,2.21,0.83,4.3
2017-06-14,10.64,2.15,0.8,4.3
2017-06-15,10.9,2.16,0.81,4.3
2017-06-16,10.38,2.16,0.84,4.3
2017-06-19,10.37,2.19,0.83,4.3
2017-06-20,10.86,2.16,0.8,4.3
2017-06-21,10.75,2.16,0.8,4.3
2017-06-22,10.48,2.15,0.81,4.3
2017-06-23,10.02,2.15,0.81,4.3
2017-06-26,9.9,2.14,0.78,4.3
2017-06-27,11.06,2.21,0.83,4.3
2017-06-28,10.03,2.22,0.88,4.3
2017-06-29,11.44,2.27,0.89,4.3
2017-06-30,11.18,2.31,0.93,4.3
2017-07-01,11.18,2.31,0.93,4.3
2017-07-03,11.22,2.35,0.94,4.3
2017-07-04,11.22,2.35,0.94,4.3
2017-07-05,11.07,2.33,0.92,4.3
2017-07-06,12.54,2.37,0.97,4.3
2017-07-07,11.19,2.39,0.99,4.3
2017-07-10,11.11,2.38,0.98,4.3
2017-07-11,10.89,2.37,1.0,4.3
2017-07-12,10.3,2.33,0.98,4.3
2017-07-13,9.9,2.35,0.98,4.3
2017-07-14,9.51,2.33,0.98,4.3
2017-07-17,9.82,2.31,0.95,4.3
2017-07-18,9.89,2.27,0.91,4.3
2017-07-19,9.79,2.27,0.9,4.3
2017-07-20,9.58,2.27,0.9,4.3
2017-07-21,9.36,2.24,0.88,4.3
2017-07-24,9.43,2.26,0.89,4.3
2017-07-25,9.43,2.33,0.93,4.3
2017-07-26,9.6,2.29,0.93,4.3
2017-07-27,10.11,2.32,0.96,4.3
2017-07-28,10.29,2.3,0.96,4.3
2017-07-31,10.26,2.3,0.96,4.3
2017-08-01,10.09,2.26,0.92,4.4
2017-08-02,10.28,2.27,0.91,4.4
2017-08-03,10.44,2.24,0.9,4.4
2017-08-04,10.03,2.27,0.91,4.4
2017-08-07,9.93,2.26,0.9,4.4
2017-08-08,10.96,2.29,0.93,4.4
2017-08-09,11.11,2.24,0.91,4.4
2017-08-10,16.04,2.2,0.87,4.4
2017-08-11,15.51,2.19,0.89,4.4
2017-08-14,12.33,2.22,0.89,4.4
2017-08-15,12.04,2.27,0.92,4.4
2017-08-16,11.74,2.23,0.9,4.4
2017-08-17,15.55,2.19,0.87,4.4
2017-08-18,14.26,2.19,0.86,4.4
2017-08-21,13.19,2.18,0.86,4.4
2017-08-22,11.35,2.22,0.89,4.4
2017-08-23,12.25,2.17,0.85,4.4
2017-08-24,12.23,2.19,0.86,4.4
2017-08-25,11.28,2.17,0.82,4.4
2017-08-28,11.32,2.16,0.83,4.4
2017-08-29,11.7,2.13,0.8,4.4
2017-08-30,11.22,2.15,0.82,4.4
2017-08-31,10.59,2.12,0.79,4.4
2017-09-01,10.13,2.16,0.81,4.3
2017-09-04,10.13,2.16,0.81,4.3
2017-09-05,12.23,2.07,0.77,4.3
2017-09-06,11.63,2.1,0.8,4.3
2017-09-07,11.55,2.05,0.78,4.3
2017-09-08,12.12,2.06,0.79,4.3
2017-09-11,10.73,2.14,0.82,4.3
2017-09-12,10.58,2.17,0.84,4.3
2017-09-13,10.5,2.2,0.85,4.3
2017-09-14,10.44,2.2,0.83,4.3
2017-09-15,10.17,2.2,0.81,4.3
2017-09-18,10.15,2.23,0.83,4.3
2017-09-19,10.18,2.24,0.84,4.3
2017-09-20,9.78,2.28,0.83,4.3
2017-09-21,9.67,2.27,0.82,4.3
2017-09-22,9.59,2.26,0.8,4.3
2017-09-25,10.21,2.22,0.78,4.3
2017-09-26,10.17,2.24,0.79,4.3
2017-09-27,9.87,2.31,0.84,4.3
2017-09-28,9.55,2.31,0.86,4.3
2017-09-29,9.51,2.33,0.86,4.3
2017-10-01,9.51,2.33,0.86,4.2
2017-10-02,9.45,2.34,0.85,4.2
2017-10-03,9.51,2.33,0.86,4.2
2017-10-04,9.63,2.33,0.86,4.2
2017-10-05,9.19,2.35,0.86,4.2
2017-10-06,9.65,2.37,0.83,4.2
2017-10-09,10.33,2.37,0.83,4.2
2017-10-10,10.08,2.35,0.84,4.2
2017-10-11,9.85,2.35,0.84,4.2
2017-10-12,9.91,2.33,0.82,4.2
2017-10-13,9.61,2.28,0.77,4.2
2017-10-16,9.91,2.3,0.76,4.2
2017-10-17,10.31,2.3,0.76,4.2
2017-10-18,10.07,2.34,0.75,4.2
2017-10-19,10.05,2.33,0.75,4.2
2017-10-20,9.97,2.39,0.79,4.2
2017-10-23,11.07,2.38,0.8,4.2
2017-10-24,11.16,2.42,0.82,4.2
2017-10-25,11.23,2.44,0.83,4.2
2017-10-26,11.3,2.46,0.83,4.2
2017-10-27,9.8,2.42,0.83,4.2
2017-10-30,10.5,2.37,0.79,4.2
2017-10-31,10.18,2.38,0.78,4.2
2017-11-01,10.2,2.37,0.76,4.2
2017-11-02,9.93,2.35,0.74,4.2
2017-11-03,9.14,2.34,0.71,4.2
2017-11-06,9.4,2.32,0.71,4.2
2017-11-07,9.89,2.32,0.69,4.2
2017-11-08,9.78,2.32,0.67,4.2
2017-11-09,10.5,2.33,0.7,4.2
2017-11-10,11.29,2.4,0.73,4.2
2017-11-13,11.5,2.4,0.7,4.2
2017-11-14,11.59,2.38,0.7,4.2
2017-11-15,13.13,2.33,0.65,4.2
2017-11-16,11.76,2.37,0.65,4.2
2017-11-17,11.43,2.35,0.62,4.2
2017-11-20,10.65,2.37,0.6,4.2
2017-11-21,9.73,2.36,0.59,4.2
2017-11-22,9.88,2.32,0.58,4.2
2017-11-23,9.88,2.32,0.58,4.2
2017-11-24,9.67,2.34,0.59,4.2
2017-11-27,9.87,2.32,0.58,4.2
2017-11-28,10.03,2.34,0.59,4.2
2017-11-29,10.7,2.37,0.59,4.2
2017-11-30,11.28,2.42,0.64,4.2
2017-12-01,11.43,2.37,0.59,4.1
2017-12-04,11.68,2.37,0.57,4.1
2017-12-05,11.33,2.36,0.53,4.1
2017-12-06,11.02,2.33,0.55,4.1
2017-12-07,10.16,2.37,0.57,4.1
2017-12-08,9.58,2.38,0.58,4.1
2017-12-11,9.34,2.39,0.57,4.1
2017-12-12,9.92,2.4,0.57,4.1
2017-12-13,10.18,2.36,0.57,4.1
2017-12-14,10.49,2.35,0.53,4.1
2017-12-15,9.42,2.35,0.51,4.1
2017-12-18,9.53,2.39,0.55,4.1
2017-12-19,10.03,2.46,0.59,4.1
2017-12-20,9.72,2.49,0.62,4.1
2017-12-21,9.62,2.48,0.59,4.1
2017-12-22,9.9,2.48,0.57,4.1
2017-12-25,9.9,2.48,0.57,4.1
2017-12-26,10.25,2.47,0.55,4.1
2017-12-27,10.47,2.42,0.53,4.1
2017-12-28,10.18,2.43,0.52,4.1
2017-12-29,11.04,2.4,0.51,4.1
2018-01-01,11.04,2.4,0.51,4.0
2018-01-02,9.77,2.46,0.54,4.0
2018-01-03,9.15,2.44,0.5,4.0
2018-01-04,9.22,2.46,0.5,4.0
2018-01-05,9.22,2.47,0.51,4.0
2018-01-08,9.52,2.49,0.53,4.0
2018-01-09,10.08,2.55,0.57,4.0
2018-01-10,9.82,2.55,0.57,4.0
2018-01-11,9.88,2.54,0.56,4.0
2018-01-12,10.16,2.55,0.56,4.0
2018-01-15,10.16,2.55,0.56,4.0
2018-01-16,11.66,2.54,0.51,4.0
2018-01-17,11.91,2.57,0.52,4.0
2018-01-18,12.22,2.62,0.57,4.0
2018-01-19,11.27,2.64,0.58,4.0
2018-01-22,11.03,2.66,0.58,4.0
2018-01-23,11.1,2.63,0.57,4.0
2018-01-24,11.47,2.65,0.57,4.0
2018-01-25,11.58,2.63,0.55,4.0
2018-01-26,11.08,2.66,0.53,4.0
2018-01-29,13.84,2.7,0.59,4.0
2018-01-30,14.79,2.73,0.6,4.0
2018-01-31,13.54,2.72,0.58,4.0
2018-02-01,13.47,2.78,0.62,4.1
2018-02-02,17.31,2.84,0.69,4.1
2018-02-05,37.32,2.77,0.69,4.1
2018-02-06,29.98,2.79,0.69,4.1
2018-02-07,27.73,2.84,0.69,4.1
2018-02-08,33.46,2.85,0.72,4.1
2018-02-09,29.06,2.83,0.78,4.1
2018-02-12,25.61,2.86,0.77,4.1
2018-02-13,24.97,2.83,0.73,4.1
2018-02-14,19.26,2.91,0.74,4.1
2018-02-15,19.13,2.9,0.71,4.1
2018-02-16,19.46,2.87,0.66,4.1
2018-02-19,19.46,2.87,0.66,4.1
2018-02-20,20.6,2.88,0.63,4.1
2018-02-21,20.02,2.94,0.68,4.1
2018-02-22,18.72,2.92,0.67,4.1
2018-02-23,16.49,2.88,0.63,4.1
2018-02-26,15.8,2.86,0.64,4.1
2018-02-27,18.59,2.9,0.63,4.1
2018-02-28,19.85,2.87,0.62,4.1
2018-03-01,22.47,2.81,0.59,4.0
2018-03-02,19.59,2.86,0.61,4.0
2018-03-05,18.73,2.88,0.64,4.0
2018-03-06,18.36,2.88,0.63,4.0
2018-03-07,17.76,2.89,0.64,4.0
2018-03-08,16.54,2.86,0.61,4.0
2018-03-09,14.64,2.9,0.63,4.0
2018-03-12,15.78,2.87,0.6,4.0
2018-03-13,16.35,2.84,0.58,4.0
2018-03-14,17.23,2.81,0.55,4.0
2018-03-15,16.59,2.82,0.53,4.0
2018-03-16,15.8,2.85,0.54,4.0
2018-03-19,19.02,2.85,0.54,4.0
2018-03-20,18.2,2.89,0.55,4.0
2018-03-21,17.86,2.89,0.58,4.0
2018-03-22,23.34,2.83,0.54,4.0
2018-03-23,24.87,2.82,0.54,4.0
2018-03-26,21.03,2.85,0.52,4.0
2018-03-27,22.5,2.78,0.52,4.0
2018-03-28,22.87,2.77,0.49,4.0
2018-03-29,19.97,2.74,0.47,4.0
2018-03-30,19.97,2.74,0.47,4.0
2018-04-01,19.97,2.74,0.47,4.0
2018-04-02,23.62,2.73,0.48,4.0
2018-04-03,21.1,2.79,0.51,4.0
2018-04-04,20.06,2.79,0.51,4.0
2018-04-05,18.94,2.83,0.53,4.0
2018-04-06,21.49,2.77,0.5,4.0
2018-04-09,21.77,2.78,0.49,4.0
2018-04-10,20.47,2.8,0.48,4.0
2018-04-11,20.24,2.79,0.47,4.0
2018-04-12,18.49,2.83,0.49,4.0
2018-04-13,17.41,2.82,0.45,4.0
2018-04-16,16.56,2.83,0.44,4.0
2018-04-17,15.25,2.82,0.41,4.0
2018-04-18,15.6,2.87,0.45,4.0
2018-04-19,15.96,2.92,0.48,4.0
2018-04-20,16.88,2.96,0.5,4.0
2018-04-23,16.34,2.98,0.49,4.0
2018-04-24,18.02,3.0,0.52,4.0
2018-04-25,17.84,3.03,0.54,4.0
2018-04-26,16.24,3.0,0.51,4.0
2018-04-27,15.41,2.96,0.47,4.0
2018-04-30,15.93,2.95,0.46,4.0
2018-05-01,15.49,2.97,0.47,3.8
2018-05-02,15.97,2.97,0.48,3.8
2018-05-03,15.9,2.94,0.45,3.8
2018-05-04,14.77,2.95,0.44,3.8
2018-05-07,14.75,2.95,0.46,3.8
2018-05-08,14.71,2.97,0.46,3.8
2018-05-09,13.42,3.0,0.46,3.8
2018-05-10,13.23,2.97,0.43,3.8
2018-05-11,12.65,2.97,0.43,3.8
2018-05-14,12.93,3.0,0.45,3.8
2018-05-15,14.63,3.08,0.5,3.8
2018-05-16,13.42,3.09,0.51,3.8
2018-05-17,13.43,3.11,0.54,3.8
2018-05-18,13.42,3.06,0.51,3.8
2018-05-21,13.08,3.06,0.48,3.8
2018-05-22,13.22,3.06,0.47,3.8
2018-05-23,12.58,3.01,0.48,3.8
2018-05-24,12.53,2.98,0.48,3.8
2018-05-25,13.22,2.93,0.45,3.8
2018-05-28,13.22,2.93,0.45,3.8
2018-05-29,17.02,2.77,0.45,3.8
2018-05-30,14.94,2.84,0.42,3.8
2018-05-31,15.43,2.83,0.43,3.8
2018-06-01,13.46,2.89,0.42,4.0
2018-06-04,12.74,2.94,0.42,4.0
2018-06-05,12.4,2.92,0.43,4.0
2018-06-06,11.64,2.97,0.45,4.0
2018-06-07,12.13,2.93,0.43,4.0
2018-06-08,12.18,2.93,0.43,4.0
2018-06-11,12.35,2.96,0.44,4.0
2018-06-12,12.34,2.96,0.42,4.0
2018-06-13,12.94,2.98,0.39,4.0
2018-06-14,12.12,2.94,0.35,4.0
2018-06-15,11.98,2.93,0.38,4.0
2018-06-18,12.31,2.92,0.36,4.0
2018-06-19,13.35,2.89,0.35,4.0
2018-06-20,12.79,2.93,0.37,4.0
2018-06-21,14.64,2.9,0.34,4.0
2018-06-22,13.77,2.9,0.34,4.0
2018-06-25,17.33,2.87,0.33,4.0
2018-06-26,15.92,2.88,0.35,4.0
2018-06-27,17.91,2.83,0.31,4.0
2018-06-28,16.85,2.84,0.32,4.0
2018-06-29,16.09,2.85,0.33,4.0
2018-07-01,16.09,2.85,0.33,3.8
2018-07-02,15.6,2.87,0.3,3.8
2018-07-03,16.14,2.83,0.3,3.8
2018-07-04,16.14,2.83,0.3,3.8
2018-07-05,14.97,2.84,0.29,3.8
2018-07-06,13.37,2.82,0.29,3.8
2018-07-09,12.69,2.86,0.29,3.8
2018-07-10,12.64,2.87,0.28,3.8
2018-07-11,13.63,2.85,0.27,3.8
2018-07-12,12.58,2.85,0.25,3.8
2018-07-13,12.18,2.83,0.24,3.8
2018-07-16,12.83,2.85,0.26,3.8
2018-07-17,12.06,2.86,0.24,3.8
2018-07-18,12.1,2.88,0.28,3.8
2018-07-19,12.87,2.84,0.24,3.8
2018-07-20,12.86,2.89,0.29,3.8
2018-07-23,12.62,2.96,0.32,3.8
2018-07-24,12.41,2.95,0.32,3.8
2018-07-25,12.29,2.94,0.28,3.8
2018-07-26,12.14,2.98,0.29,3.8
2018-07-27,13.03,2.96,0.29,3.8
2018-07-30,14.26,2.98,0.32,3.8
2018-07-31,12.83,2.96,0.29,3.8
2018-08-01,13.15,3.0,0.33,3.8
2018-08-02,12.19,2.98,0.32,3.8
2018-08-03,11.64,2.95,0.32,3.8
2018-08-06,11.27,2.94,0.3,3.8
2018-08-07,10.93,2.98,0.3,3.8
2018-08-08,10.85,2.96,0.28,3.8
2018-08-09,11.27,2.93,0.29,3.8
2018-08-10,13.16,2.87,0.26,3.8
2018-08-13,14.78,2.88,0.27,3.8
2018-08-14,13.31,2.89,0.26,3.8
2018-08-15,14.64,2.86,0.25,3.8
2018-08-16,13.45,2.87,0.24,3.8
2018-08-17,12.64,2.87,0.26,3.8
2018-08-20,12.49,2.82,0.22,3.8
2018-08-21,12.86,2.85,0.24,3.8
2018-08-22,12.25,2.82,0.22,3.8
2018-08-23,12.41,2.82,0.21,3.8
2018-08-24,11.99,2.82,0.19,3.8
2018-08-27,12.16,2.85,0.18,3.8
2018-08-28,12.5,2.88,0.21,3.8
2018-08-29,12.25,2.89,0.22,3.8
2018-08-30,13.53,2.86,0.22,3.8
2018-08-31,12.86,2.86,0.24,3.8
2018-09-01,12.86,2.86,0.24,3.7
2018-09-03,12.86,2.86,0.24,3.7
2018-09-04,13.16,2.9,0.24,3.7
2018-09-05,13.91,2.9,0.24,3.7
2018-09-06,14.65,2.88,0.24,3.7
2018-09-07,14.88,2.94,0.23,3.7
2018-09-10,14.16,2.94,0.21,3.7
2018-09-11,13.22,2.98,0.22,3.7
2018-09-12,13.14,2.97,0.23,3.7
2018-09-13,12.37,2.97,0.21,3.7
2018-09-14,12.07,2.99,0.21,3.7
2018-09-17,13.68,2.99,0.21,3.7
2018-09-18,12.79,3.05,0.24,3.7
2018-09-19,11.75,3.08,0.27,3.7
2018-09-20,11.8,3.07,0.26,3.7
2018-09-21,11.68,3.07,0.26,3.7
2018-09-24,12.2,3.08,0.25,3.7
2018-09-25,12.42,3.1,0.27,3.7
2018-09-26,12.89,3.06,0.23,3.7
2018-09-27,12.41,3.06,0.23,3.7
2018-09-28,12.12,3.05,0.24,3.7
2018-10-01,12.0,3.09,0.27,3.8
2018-10-02,12.05,3.05,0.23,3.8
2018-10-03,11.61,3.15,0.3,3.8
2018-10-04,14.22,3.19,0.32,3.8
2018-10-05,14.82,3.23,0.35,3.8
2018-10-08,15.69,3.23,0.35,3.8
2018-10-09,15.95,3.21,0.33,3.8
2018-10-10,22.96,3.22,0.34,3.8
2018-10-11,24.98,3.14,0.29,3.8
2018-10-12,21.31,3.15,0.3,3.8
2018-10-15,21.3,3.16,0.31,3.8
2018-10-16,17.62,3.16,0.29,3.8
2018-10-17,17.4,3.19,0.3,3.8
2018-10-18,20.06,3.17,0.3,3.8
2018-10-19,19.89,3.2,0.28,3.8
2018-10-22,19.64,3.2,0.28,3.8
2018-10-23,20.71,3.17,0.28,3.8
2018-10-24,25.23,3.1,0.26,3.8
2018-10-25,24.22,3.14,0.28,3.8
2018-10-26,24.16,3.08,0.27,3.8
2018-10-29,24.7,3.08,0.27,3.8
2018-10-30,23.35,3.12,0.28,3.8
2018-10-31,21.23,3.15,0.28,3.8
2018-11-01,19.34,3.14,0.3,3.8
2018-11-02,19.51,3.22,0.31,3.8
2018-11-05,19.96,3.2,0.29,3.8
2018-11-06,19.91,3.22,0.29,3.8
2018-11-07,16.36,3.22,0.26,3.8
2018-11-08,16.72,3.24,0.26,3.8
2018-11-09,17.36,3.19,0.25,3.8
2018-11-12,20.45,3.19,0.25,3.8
2018-11-13,20.02,3.14,0.25,3.8
2018-11-14,21.25,3.12,0.26,3.8
2018-11-15,19.98,3.11,0.25,3.8
2018-11-16,18.14,3.08,0.27,3.8
2018-11-19,20.1,3.06,0.27,3.8
2018-11-20,22.48,3.06,0.27,3.8
2018-11-21,20.8,3.06,0.25,3.8
2018-11-22,20.8,3.06,0.25,3.8
2018-11-23,21.52,3.05,0.24,3.8
2018-11-26,18.9,3.07,0.23,3.8
2018-11-27,19.02,3.06,0.23,3.8
2018-11-28,18.49,3.06,0.25,3.8
2018-11-29,18.79,3.03,0.22,3.8
2018-11-30,18.07,3.01,0.21,3.8
2018-12-01,18.07,3.01,0.21,3.9
2018-12-03,16.44,2.98,0.15,3.9
2018-12-04,20.74,2.91,0.11,3.9
2018-12-05,20.74,2.91,0.11,3.9
2018-12-06,21.19,2.87,0.12,3.9
2018-12-07,23.23,2.85,0.13,3.9
2018-12-10,22.64,2.85,0.13,3.9
2018-12-11,21.76,2.89,0.11,3.9
2018-12-12,21.46,2.91,0.14,3.9
2018-12-13,20.65,2.91,0.16,3.9
2018-12-14,21.63,2.89,0.16,3.9
2018-12-17,24.52,2.86,0.16,3.9
2018-12-18,25.58,2.82,0.17,3.9
2018-12-19,25.58,2.77,0.14,3.9
2018-12-20,28.38,2.79,0.12,3.9
2018-12-21,30.11,2.79,0.16,3.9
2018-12-24,36.07,2.74,0.19,3.9
2018-12-25,36.07,2.74,0.19,3.9
2018-12-26,30.41,2.81,0.2,3.9
2018-12-27,29.96,2.77,0.21,3.9
2018-12-28,28.34,2.72,0.2,3.9
2018-12-31,25.42,2.69,0.21,3.9
2019-01-01,25.42,2.69,0.21,4.0
2019-01-02,23.22,2.66,0.16,4.0
2019-01-03,25.45,2.56,0.17,4.0
2019-01-04,21.38,2.67,0.17,4.0
2019-01-07,21.4,2.7,0.17,4.0
2019-01-08,20.47,2.73,0.15,4.0
2019-01-09,19.98,2.74,0.18,4.0
2019-01-10,19.5,2.74,0.18,4.0
2019-01-11,18.19,2.71,0.16,4.0
2019-01-14,19.07,2.71,0.18,4.0
2019-01-15,18.6,2.72,0.19,4.0
2019-01-16,19.04,2.73,0.18,4.0
2019-01-17,18.06,2.75,0.19,4.0
2019-01-18,17.8,2.79,0.17,4.0
2019-01-21,17.8,2.79,0.17,4.0
2019-01-22,20.8,2.74,0.16,4.0
2019-01-23,19.52,2.76,0.18,4.0
2019-01-24,18.89,2.72,0.16,4.0
2019-01-25,17.42,2.76,0.16,4.0
2019-01-28,18.87,2.75,0.15,4.0
2019-01-29,19.13,2.72,0.16,4.0
2019-01-30,17.66,2.7,0.18,4.0
2019-01-31,16.57,2.63,0.18,4.0
2019-02-01,16.14,2.7,0.18,3.8
2019-02-04,15.73,2.73,0.2,3.8
2019-02-05,15.57,2.71,0.18,3.8
2019-02-06,15.38,2.7,0.18,3.8
2019-02-07,16.37,2.65,0.17,3.8
2019-02-08,15.72,2.63,0.18,3.8
2019-02-11,15.97,2.65,0.17,3.8
2019-02-12,15.43,2.68,0.18,3.8
2019-02-13,15.65,2.71,0.18,3.8
2019-02-14,16.22,2.66,0.16,3.8
2019-02-15,14.91,2.66,0.14,3.8
2019-02-18,14.91,2.66,0.14,3.8
2019-02-19,14.88,2.65,0.15,3.8
2019-02-20,14.02,2.65,0.15,3.8
2019-02-21,14.46,2.69,0.16,3.8
2019-02-22,13.51,2.65,0.17,3.8
2019-02-25,14.85,2.67,0.16,3.8
2019-02-26,15.17,2.64,0.16,3.8
2019-02-27,14.7,2.69,0.19,3.8
2019-02-28,14.78,2.73,0.21,3.8
2019-03-01,13.57,2.76,0.21,3.8
2019-03-04,14.63,2.72,0.17,3.8
2019-03-05,14.74,2.72,0.17,3.8
2019-03-06,15.74,2.69,0.17,3.8
2019-03-07,16.59,2.64,0.17,3.8
2019-03-08,16.05,2.62,0.17,3.8
2019-03-11,14.33,2.64,0.17,3.8
2019-03-12,13.77,2.61,0.16,3.8
2019-03-13,13.41,2.61,0.16,3.8
2019-03-14,13.5,2.63,0.17,3.8
2019-03-15,12.88,2.59,0.16,3.8
2019-03-18,13.1,2.6,0.15,3.8
2019-03-19,13.56,2.61,0.15,3.8
2019-03-20,13.91,2.54,0.14,3.8
2019-03-21,13.63,2.54,0.13,3.8
2019-03-22,16.48,2.44,0.13,3.8
2019-03-25,16.33,2.43,0.17,3.8
2019-03-26,14.68,2.41,0.17,3.8
2019-03-27,15.15,2.39,0.17,3.8
2019-03-28,14.43,2.39,0.16,3.8
2019-03-29,13.71,2.41,0.14,3.8
2019-04-01,13.4,2.49,0.16,3.7
2019-04-02,13.36,2.48,0.18,3.7
2019-04-03,13.74,2.52,0.19,3.7
2019-04-04,13.58,2.51,0.18,3.7
2019-04-05,12.82,2.5,0.15,3.7
2019-04-08,13.18,2.52,0.16,3.7
2019-04-09,14.28,2.51,0.16,3.7
2019-04-10,13.3,2.48,0.17,3.7
2019-04-11,13.02,2.51,0.16,3.7
2019-04-12,12.01,2.56,0.16,3.7
2019-04-15,12.32,2.55,0.15,3.7
2019-04-16,12.18,2.6,0.19,3.7
2019-04-17,12.6,2.59,0.19,3.7
2019-04-18,12.09,2.57,0.19,3.7
2019-04-19,12.09,2.57,0.19,3.7
2019-04-22,12.42,2.59,0.21,3.7
2019-04-23,12.28,2.57,0.21,3.7
2019-04-24,13.14,2.53,0.21,3.7
2019-04-25,13.25,2.54,0.21,3.7
2019-04-26,12.73,2.51,0.23,3.7
2019-04-29,13.11,2.54,0.24,3.7
2019-04-30,13.12,2.51,0.24,3.7
2019-05-01,14.8,2.52,0.21,3.6
2019-05-02,14.42,2.55,0.2,3.6
2019-05-03,12.87,2.54,0.21,3.6
2019-05-06,15.44,2.51,0.2,3.6
2019-05-07,19.32,2.45,0.17,3.6
2019-05-08,19.4,2.49,0.19,3.6
2019-05-09,19.1,2.45,0.19,3.6
2019-05-10,16.04,2.47,0.21,3.6
2019-05-13,20.55,2.4,0.22,3.6
2019-05-14,18.06,2.42,0.22,3.6
2019-05-15,16.44,2.37,0.21,3.6
2019-05-16,15.29,2.4,0.2,3.6
2019-05-17,15.96,2.39,0.19,3.6
2019-05-20,16.31,2.41,0.2,3.6
2019-05-21,14.95,2.43,0.17,3.6
2019-05-22,14.75,2.39,0.16,3.6
2019-05-23,16.92,2.31,0.19,3.6
2019-05-24,15.85,2.32,0.16,3.6
2019-05-27,15.85,2.32,0.16,3.6
2019-05-28,17.5,2.26,0.14,3.6
2019-05-29,17.9,2.25,0.16,3.6
2019-05-30,17.3,2.22,0.16,3.6
2019-05-31,18.71,2.14,0.19,3.6
2019-06-01,18.71,2.14,0.19,3.6
2019-06-03,18.86,2.07,0.25,3.6
2019-06-04,16.97,2.12,0.24,3.6
2019-06-05,16.09,2.12,0.29,3.6
2019-06-06,15.93,2.12,0.24,3.6
2019-06-07,16.3,2.09,0.24,3.6
2019-06-10,15.94,2.15,0.25,3.6
2019-06-11,15.99,2.15,0.22,3.6
2019-06-12,15.91,2.13,0.25,3.6
2019-06-13,15.82,2.1,0.27,3.6
2019-06-14,15.28,2.09,0.25,3.6
2019-06-17,15.35,2.09,0.23,3.6
2019-06-18,15.15,2.06,0.2,3.6
2019-06-19,14.33,2.03,0.29,3.6
2019-06-20,14.75,2.01,0.29,3.6
2019-06-21,15.4,2.07,0.3,3.6
2019-06-24,15.26,2.02,0.3,3.6
2019-06-25,16.28,2.0,0.29,3.6
2019-06-26,16.21,2.05,0.28,3.6
2019-06-27,15.82,2.01,0.27,3.6
2019-06-28,15.08,2.0,0.25,3.6
2019-07-01,14.06,2.03,0.25,3.7
2019-07-02,12.93,1.98,0.21,3.7
2019-07-03,12.57,1.96,0.19,3.7
2019-07-04,12.57,1.96,0.19,3.7
2019-07-05,13.28,2.04,0.17,3.7
2019-07-08,13.96,2.05,0.17,3.7
2019-07-09,14.09,2.07,0.15,3.7
2019-07-10,13.03,2.07,0.25,3.7
2019-07-11,12.93,2.13,0.28,3.7
2019-07-12,12.39,2.12,0.28,3.7
2019-07-15,12.68,2.09,0.26,3.7
2019-07-16,12.86,2.13,0.26,3.7
2019-07-17,13.97,2.06,0.23,3.7
2019-07-18,13.53,2.04,0.27,3.7
2019-07-19,14.45,2.05,0.25,3.7
2019-07-22,13.53,2.05,0.25,3.7
2019-07-23,12.61,2.08,0.25,3.7
2019-07-24,12.07,2.05,0.22,3.7
2019-07-25,12.74,2.08,0.22,3.7
2019-07-26,12.16,2.08,0.22,3.7
2019-07-29,12.83,2.06,0.21,3.7
2019-07-30,13.94,2.06,0.21,3.7
2019-07-31,16.12,2.02,0.13,3.7
2019-08-01,17.87,1.9,0.17,3.6
2019-08-02,17.61,1.86,0.14,3.6
2019-08-05,24.59,1.75,0.16,3.6
2019-08-06,20.17,1.73,0.13,3.6
2019-08-07,19.49,1.71,0.12,3.6
2019-08-08,16.91,1.72,0.1,3.6
2019-08-09,17.97,1.74,0.11,3.6
2019-08-12,21.09,1.65,0.07,3.6
2019-08-13,17.52,1.68,0.02,3.6
2019-08-14,22.1,1.59,0.01,3.6
2019-08-15,21.18,1.52,0.04,3.6
2019-08-16,18.47,1.55,0.07,3.6
2019-08-19,16.88,1.6,0.07,3.6
2019-08-20,17.5,1.55,0.05,3.6
2019-08-21,15.8,1.59,0.03,3.6
2019-08-22,16.68,1.62,0.01,3.6
2019-08-23,19.87,1.52,0.01,3.6
2019-08-26,19.32,1.54,0.0,3.6
2019-08-27,20.31,1.49,-0.04,3.6
2019-08-28,19.35,1.47,-0.03,3.6
2019-08-29,17.88,1.5,-0.03,3.6
2019-08-30,18.98,1.5,0.0,3.6
2019-09-01,18.98,1.5,0.0,3.5
2019-09-02,18.98,1.5,0.0,3.5
2019-09-03,19.66,1.47,0.0,3.5
2019-09-04,17.33,1.47,0.04,3.5
2019-09-05,16.27,1.57,0.02,3.5
2019-09-06,15.0,1.55,0.02,3.5
2019-09-09,15.27,1.63,0.05,3.5
2019-09-10,15.2,1.72,0.05,3.5
2019-09-11,14.61,1.75,0.07,3.5
2019-09-12,14.22,1.79,0.07,3.5
2019-09-13,13.74,1.9,0.11,3.5
2019-09-16,14.67,1.84,0.1,3.5
2019-09-17,14.44,1.81,0.09,3.5
2019-09-18,13.95,1.8,0.03,3.5
2019-09-19,14.05,1.79,0.05,3.5
2019-09-20,15.32,1.74,0.05,3.5
2019-09-23,14.91,1.72,0.04,3.5
2019-09-24,17.05,1.64,0.04,3.5
2019-09-25,15.96,1.73,0.05,3.5
2019-09-26,16.07,1.7,0.04,3.5
2019-09-27,17.22,1.69,0.06,3.5
2019-09-30,16.24,1.68,0.05,3.5
2019-10-01,18.56,1.65,0.09,3.6
2019-10-02,20.56,1.6,0.12,3.6
2019-10-03,19.12,1.54,0.15,3.6
2019-10-04,17.04,1.52,0.12,3.6
2019-10-07,17.86,1.56,0.1,3.6
2019-10-08,20.28,1.54,0.12,3.6
2019-10-09,18.64,1.59,0.12,3.6
2019-10-10,17.57,1.67,0.14,3.6
2019-10-11,15.58,1.76,0.13,3.6
2019-10-14,14.57,1.76,0.13,3.6
2019-10-15,13.54,1.77,0.16,3.6
2019-10-16,13.68,1.75,0.17,3.6
2019-10-17,13.79,1.76,0.16,3.6
2019-10-18,14.25,1.76,0.18,3.6
2019-10-21,14.0,1.8,0.18,3.6
2019-10-22,14.46,1.78,0.18,3.6
2019-10-23,14.01,1.77,0.19,3.6
2019-10-24,13.71,1.77,0.19,3.6
2019-10-25,12.65,1.8,0.17,3.6
2019-10-28,13.11,1.85,0.21,3.6
2019-10-29,13.2,1.84,0.2,3.6
2019-10-30,12.33,1.78,0.17,3.6
2019-10-31,13.22,1.69,0.17,3.6
2019-11-01,12.3,1.73,0.17,3.6
2019-11-04,12.83,1.79,0.19,3.6
2019-11-05,13.1,1.86,0.23,3.6
2019-11-06,12.62,1.81,0.2,3.6
2019-11-07,12.73,1.92,0.24,3.6
2019-11-08,12.07,1.94,0.26,3.6
2019-11-11,12.69,1.94,0.26,3.6
2019-11-12,12.68,1.92,0.26,3.6
2019-11-13,13.0,1.88,0.25,3.6
2019-11-14,13.05,1.82,0.24,3.6
2019-11-15,12.05,1.84,0.23,3.6
2019-11-18,12.46,1.81,0.21,3.6
2019-11-19,12.86,1.79,0.19,3.6
2019-11-20,12.78,1.73,0.17,3.6
2019-11-21,13.13,1.77,0.17,3.6
2019-11-22,12.34,1.77,0.16,3.6
2019-11-25,11.87,1.76,0.15,3.6
2019-11-26,11.54,1.74,0.16,3.6
2019-11-27,11.75,1.77,0.14,3.6
2019-11-28,11.75,1.77,0.14,3.6
2019-11-29,12.62,1.78,0.17,3.6
2019-12-01,12.62,1.78,0.17,3.6
2019-12-02,14.91,1.83,0.22,3.6
2019-12-03,15.96,1.72,0.19,3.6
2019-12-04,14.8,1.77,0.19,3.6
2019-12-05,14.52,1.8,0.22,3.6
2019-12-06,13.62,1.84,0.23,3.6
2019-12-09,15.86,1.83,0.2,3.6
2019-12-10,15.68,1.85,0.2,3.6
2019-12-11,14.99,1.79,0.18,3.6
2019-12-12,13.94,1.9,0.24,3.6
2019-12-13,12.63,1.82,0.21,3.6
2019-12-16,12.14,1.89,0.24,3.6
2019-12-17,12.29,1.89,0.26,3.6
2019-12-18,12.58,1.92,0.29,3.6
2019-12-19,12.5,1.92,0.3,3.6
2019-12-20,12.51,1.92,0.29,3.6
2019-12-23,12.61,1.93,0.29,3.6
2019-12-24,12.67,1.9,0.28,3.6
2019-12-25,12.67,1.9,0.28,3.6
2019-12-26,12.65,1.9,0.26,3.6
2019-12-27,13.43,1.88,0.29,3.6
2019-12-30,14.82,1.9,0.32,3.6
2019-12-31,13.78,1.92,0.34,3.6
2020-01-01,13.78,1.92,0.34,3.6
2020-01-02,12.47,1.88,0.3,3.6
2020-01-03,14.02,1.8,0.27,3.6
2020-01-06,13.85,1.81,0.27,3.6
2020-01-07,13.79,1.83,0.29,3.6
2020-01-08,13.45,1.87,0.29,3.6
2020-01-09,12.54,1.85,0.27,3.6
2020-01-10,12.56,1.83,0.27,3.6
2020-01-13,12.32,1.85,0.27,3.6
2020-01-14,12.39,1.82,0.24,3.6
2020-01-15,12.42,1.79,0.23,3.6
2020-01-16,12.32,1.81,0.23,3.6
2020-01-17,12.1,1.84,0.26,3.6
2020-01-20,12.1,1.84,0.26,3.6
2020-01-21,12.85,1.78,0.25,3.6
2020-01-22,12.91,1.77,0.24,3.6
2020-01-23,12.98,1.74,0.23,3.6
2020-01-24,14.56,1.7,0.21,3.6
2020-01-27,18.23,1.61,0.17,3.6
2020-01-28,16.28,1.65,0.2,3.6
2020-01-29,16.39,1.6,0.18,3.6
2020-01-30,15.49,1.57,0.16,3.6
2020-01-31,18.84,1.51,0.18,3.6
2020-02-01,18.84,1.51,0.18,3.5
2020-02-03,17.97,1.54,0.18,3.5
2020-02-04,16.05,1.61,0.2,3.5
2020-02-05,15.15,1.66,0.22,3.5
2020-02-06,14.96,1.65,0.21,3.5
2020-02-07,15.47,1.59,0.18,3.5
2020-02-10,15.04,1.56,0.19,3.5
2020-02-11,15.18,1.59,0.18,3.5
2020-02-12,13.74,1.62,0.18,3.5
2020-02-13,14.15,1.61,0.17,3.5
2020-02-14,13.68,1.59,0.17,3.5
2020-02-17,13.68,1.59,0.17,3.5
2020-02-18,14.83,1.55,0.14,3.5
2020-02-19,14.38,1.56,0.14,3.5
2020-02-20,15.56,1.52,0.13,3.5
2020-02-21,17.08,1.46,0.12,3.5
2020-02-24,25.03,1.38,0.12,3.5
2020-02-25,27.85,1.33,0.13,3.5
2020-02-26,27.56,1.33,0.17,3.5
2020-02-27,39.16,1.3,0.19,3.5
2020-02-28,40.11,1.13,0.27,3.5
2020-03-01,40.11,1.13,0.27,4.4
2020-03-02,33.42,1.1,0.26,4.4
2020-03-03,36.82,1.02,0.31,4.4
2020-03-04,31.99,1.02,0.35,4.4
2020-03-05,39.62,0.92,0.33,4.4
2020-03-06,41.94,0.74,0.25,4.4
2020-03-09,54.46,0.54,0.16,4.4
2020-03-10,47.3,0.76,0.26,4.4
2020-03-11,53.9,0.82,0.32,4.4
2020-03-12,75.47,0.88,0.38,4.4
2020-03-13,57.83,0.94,0.45,4.4
2020-03-16,82.69,0.73,0.37,4.4
2020-03-17,75.91,1.02,0.55,4.4
2020-03-18,76.45,1.18,0.64,4.4
2020-03-19,72.0,1.12,0.68,4.4
2020-03-20,66.04,0.92,0.55,4.4
2020-03-23,61.59,0.76,0.48,4.4
2020-03-24,61.67,0.84,0.46,4.4
2020-03-25,63.95,0.88,0.54,4.4
2020-03-26,61.0,0.83,0.53,4.4
2020-03-27,65.54,0.72,0.47,4.4
2020-03-30,57.08,0.7,0.47,4.4
2020-03-31,53.54,0.7,0.47,4.4
2020-04-01,57.06,0.62,0.39,14.8
2020-04-02,50.91,0.63,0.4,14.8
2020-04-03,46.8,0.62,0.39,14.8
2020-04-06,45.24,0.67,0.4,14.8
2020-04-07,46.7,0.75,0.47,14.8
2020-04-08,43.35,0.77,0.5,14.8
2020-04-09,41.67,0.73,0.5,14.8
2020-04-10,41.67,0.73,0.5,14.8
2020-04-13,41.17,0.76,0.51,14.8
2020-04-14,37.76,0.76,0.53,14.8
2020-04-15,40.84,0.63,0.43,14.8
2020-04-16,40.11,0.61,0.41,14.8
2020-04-17,38.15,0.65,0.45,14.8
2020-04-20,43.83,0.63,0.43,14.8
2020-04-21,45.41,0.58,0.38,14.8
2020-04-22,41.98,0.63,0.41,14.8
2020-04-23,41.38,0.61,0.39,14.8
2020-04-24,35.93,0.6,0.38,14.8
2020-04-27,33.29,0.67,0.43,14.8
2020-04-28,33.57,0.62,0.42,14.8
2020-04-29,31.23,0.63,0.43,14.8
2020-04-30,34.15,0.64,0.44,14.8
2020-05-01,37.19,0.64,0.44,13.2
2020-05-04,35.97,0.64,0.45,13.2
2020-05-05,33.61,0.66,0.47,13.2
2020-05-06,34.12,0.72,0.55,13.2
2020-05-07,31.44,0.63,0.5,13.2
2020-05-08,27.98,0.69,0.53,13.2
2020-05-11,27.57,0.73,0.56,13.2
2020-05-12,33.04,0.69,0.52,13.2
2020-05-13,35.28,0.64,0.48,13.2
2020-05-14,32.61,0.63,0.47,13.2
2020-05-15,31.89,0.64,0.48,13.2
2020-05-18,29.3,0.73,0.55,13.2
2020-05-19,30.53,0.7,0.53,13.2
2020-05-20,27.99,0.68,0.52,13.2
2020-05-21,29.53,0.68,0.51,13.2
2020-05-22,28.16,0.66,0.49,13.2
2020-05-25,28.16,0.66,0.49,13.2
2020-05-26,28.01,0.69,0.51,13.2
2020-05-27,27.62,0.68,0.49,13.2
2020-05-28,28.59,0.7,0.53,13.2
2020-05-29,27.51,0.65,0.49,13.2
2020-06-01,28.23,0.66,0.52,11.0
2020-06-02,26.84,0.68,0.51,11.0
2020-06-03,25.66,0.77,0.58,11.0
2020-06-04,25.81,0.82,0.63,11.0
2020-06-05,24.52,0.91,0.69,11.0
2020-06-08,25.81,0.88,0.66,11.0
2020-06-09,27.57,0.84,0.64,11.0
2020-06-10,27.57,0.75,0.58,11.0
2020-06-11,40.79,0.66,0.47,11.0
2020-06-12,36.09,0.71,0.52,11.0
2020-06-15,34.4,0.71,0.52,11.0
2020-06-16,33.67,0.75,0.54,11.0
2020-06-17,33.47,0.74,0.55,11.0
2020-06-18,32.94,0.71,0.52,11.0
2020-06-19,35.12,0.7,0.51,11.0
2020-06-22,31.77,0.71,0.52,11.0
2020-06-23,31.37,0.72,0.54,11.0
2020-06-24,33.84,0.69,0.5,11.0
2020-06-25,32.22,0.68,0.51,11.0
2020-06-26,34.73,0.64,0.47,11.0
2020-06-29,31.78,0.64,0.48,11.0
2020-06-30,30.43,0.66,0.5,11.0
2020-07-01,28.62,0.69,0.52,10.2
2020-07-02,27.68,0.68,0.52,10.2
2020-07-03,27.68,0.68,0.52,10.2
2020-07-06,27.94,0.69,0.53,10.2
2020-07-07,29.43,0.65,0.49,10.2
2020-07-08,28.08,0.67,0.51,10.2
2020-07-09,29.26,0.62,0.46,10.2
2020-07-10,27.29,0.65,0.49,10.2
2020-07-13,32.19,0.64,0.48,10.2
2020-07-14,29.52,0.63,0.49,10.2
2020-07-15,27.76,0.64,0.48,10.2
2020-07-16,28.0,0.62,0.46,10.2
2020-07-17,25.68,0.64,0.5,10.2
2020-07-20,24.46,0.62,0.46,10.2
2020-07-21,24.84,0.61,0.47,10.2
2020-07-22,24.32,0.6,0.46,10.2
2020-07-23,26.08,0.59,0.43,10.2
2020-07-24,25.84,0.59,0.45,10.2
2020-07-27,24.74,0.62,0.47,10.2
2020-07-28,25.44,0.59,0.45,10.2
2020-07-29,24.1,0.58,0.46,10.2
2020-07-30,24.76,0.55,0.44,10.2
2020-07-31,24.46,0.55,0.44,10.2
2020-08-01,24.46,0.55,0.44,8.4
2020-08-03,24.28,0.56,0.45,8.4
2020-08-04,23.76,0.52,0.41,8.4
2020-08-05,22.99,0.55,0.44,8.4
2020-08-06,22.65,0.55,0.44,8.4
2020-08-07,22.21,0.57,0.44,8.4
2020-08-10,22.13,0.59,0.45,8.4
2020-08-11,24.03,0.64,0.48,8.4
2020-08-12,22.28,0.69,0.53,8.4
2020-08-13,22.13,0.71,0.55,8.4
2020-08-14,22.05,0.71,0.57,8.4
2020-08-17,21.35,0.69,0.55,8.4
2020-08-18,21.51,0.67,0.53,8.4
2020-08-19,22.54,0.68,0.54,8.4
2020-08-20,22.72,0.65,0.52,8.4
2020-08-21,22.54,0.64,0.48,8.4
2020-08-24,22.37,0.65,0.51,8.4
2020-08-25,22.03,0.69,0.54,8.4
2020-08-26,23.27,0.69,0.53,8.4
2020-08-27,24.47,0.74,0.58,8.4
2020-08-28,22.96,0.74,0.6,8.4
2020-08-31,26.41,0.72,0.58,8.4
2020-09-01,26.12,0.68,0.55,7.8
2020-09-02,26.57,0.66,0.52,7.8
2020-09-03,33.6,0.63,0.5,7.8
2020-09-04,30.75,0.72,0.58,7.8
2020-09-07,30.75,0.72,0.58,7.8
2020-09-08,31.46,0.69,0.55,7.8
2020-09-09,28.81,0.71,0.57,7.8
2020-09-10,29.71,0.68,0.54,7.8
2020-09-11,26.87,0.67,0.54,7.8
2020-09-14,25.85,0.68,0.54,7.8
2020-09-15,25.59,0.68,0.54,7.8
2020-09-16,26.04,0.69,0.55,7.8
2020-09-17,26.46,0.69,0.56,7.8
2020-09-18,25.83,0.7,0.56,7.8
2020-09-21,27.78,0.68,0.54,7.8
2020-09-22,26.86,0.68,0.55,7.8
2020-09-23,28.58,0.68,0.54,7.8
2020-09-24,28.51,0.67,0.53,7.8
2020-09-25,26.38,0.66,0.54,7.8
2020-09-28,26.19,0.67,0.53,7.8
2020-09-29,26.27,0.66,0.55,7.8
2020-09-30,26.37,0.69,0.56,7.8
2020-10-01,26.7,0.68,0.54,6.9
2020-10-02,27.63,0.7,0.57,6.9
2020-10-05,27.96,0.78,0.64,6.9
2020-10-06,29.48,0.76,0.62,6.9
2020-10-07,28.06,0.81,0.65,6.9
2020-10-08,26.36,0.78,0.65,6.9
2020-10-09,25.0,0.79,0.63,6.9
2020-10-12,25.07,0.79,0.63,6.9
2020-10-13,26.07,0.74,0.58,6.9
2020-10-14,26.4,0.73,0.59,6.9
2020-10-15,26.97,0.74,0.6,6.9
2020-10-16,27.41,0.76,0.62,6.9
2020-10-19,29.18,0.78,0.62,6.9
2020-10-20,29.35,0.81,0.67,6.9
2020-10-21,28.65,0.83,0.69,6.9
2020-10-22,28.11,0.87,0.71,6.9
2020-10-23,27.55,0.85,0.67,6.9
2020-10-26,32.46,0.81,0.65,6.9
2020-10-27,33.35,0.79,0.63,6.9
2020-10-28,40.28,0.79,0.63,6.9
2020-10-29,37.59,0.85,0.69,6.9
2020-10-30,38.02,0.88,0.74,6.9
2020-11-01,38.02,0.88,0.74,6.7
2020-11-02,37.13,0.87,0.71,6.7
2020-11-03,35.55,0.9,0.73,6.7
2020-11-04,29.57,0.78,0.64,6.7
2020-11-05,27.58,0.79,0.65,6.7
2020-11-06,24.86,0.83,0.67,6.7
2020-11-09,25.75,0.96,0.79,6.7
2020-11-10,24.8,0.98,0.79,6.7
2020-11-11,23.45,0.98,0.79,6.7
2020-11-12,25.35,0.88,0.71,6.7
2020-11-13,23.1,0.89,0.72,6.7
2020-11-16,22.45,0.91,0.72,6.7
2020-11-17,22.71,0.87,0.69,6.7
2020-11-18,23.84,0.88,0.72,6.7
2020-11-19,23.11,0.86,0.68,6.7
2020-11-20,23.7,0.83,0.67,6.7
2020-11-23,22.66,0.86,0.7,6.7
2020-11-24,21.64,0.88,0.72,6.7
2020-11-25,21.25,0.88,0.71,6.7
2020-11-26,21.25,0.88,0.71,6.7
2020-11-27,20.84,0.84,0.68,6.7
2020-11-30,20.57,0.84,0.68,6.7
2020-12-01,20.77,0.92,0.75,6.7
2020-12-02,21.17,0.95,0.79,6.7
2020-12-03,21.28,0.92,0.76,6.7
2020-12-04,20.79,0.97,0.81,6.7
2020-12-07,21.3,0.94,0.8,6.7
2020-12-08,20.68,0.92,0.78,6.7
2020-12-09,22.27,0.95,0.79,6.7
2020-12-10,22.52,0.92,0.78,6.7
2020-12-11,23.31,0.9,0.79,6.7
2020-12-14,24.72,0.9,0.77,6.7
2020-12-15,22.89,0.92,0.81,6.7
2020-12-16,22.5,0.92,0.79,6.7
2020-12-17,21.93,0.94,0.81,6.7
2020-12-18,21.57,0.95,0.82,6.7
2020-12-21,25.16,0.95,0.82,6.7
2020-12-22,24.23,0.93,0.8,6.7
2020-12-23,23.31,0.96,0.83,6.7
2020-12-24,21.53,0.94,0.81,6.7
2020-12-25,21.53,0.94,0.81,6.7
2020-12-28,21.7,0.94,0.81,6.7
2020-12-29,23.08,0.94,0.82,6.7
2020-12-30,22.77,0.93,0.81,6.7
2020-12-31,22.75,0.93,0.8,6.7
2021-01-01,22.75,0.93,0.8,6.4
2021-01-04,26.97,0.93,0.82,6.4
2021-01-05,25.34,0.96,0.83,6.4
2021-01-06,25.07,1.04,0.9,6.4
2021-01-07,22.37,1.08,0.94,6.4
2021-01-08,21.56,1.13,0.99,6.4
2021-01-11,24.08,1.15,1.01,6.4
2021-01-12,23.33,1.15,1.01,6.4
2021-01-13,22.21,1.1,0.96,6.4
2021-01-14,23.25,1.15,0.99,6.4
2021-01-15,24.34,1.11,0.98,6.4
2021-01-18,24.34,1.11,0.98,6.4
2021-01-19,23.24,1.1,0.96,6.4
2021-01-20,21.58,1.1,0.97,6.4
2021-01-21,21.32,1.12,0.99,6.4
2021-01-22,21.91,1.1,0.97,6.4
2021-01-25,23.19,1.05,0.92,6.4
2021-01-26,23.02,1.05,0.94,6.4
2021-01-27,37.21,1.04,0.92,6.4
2021-01-28,30.21,1.07,0.95,6.4
2021-01-29,33.09,1.11,1.0,6.4
2021-02-01,30.24,1.09,0.98,6.2
2021-02-02,25.56,1.12,1.01,6.2
2021-02-03,22.91,1.15,1.04,6.2
2021-02-04,21.77,1.15,1.04,6.2
2021-02-05,20.87,1.19,1.1,6.2
2021-02-08,21.24,1.19,1.08,6.2
2021-02-09,21.63,1.18,1.07,6.2
2021-02-10,21.99,1.15,1.04,6.2
2021-02-11,21.25,1.16,1.05,6.2
2021-02-12,19.97,1.2,1.09,6.2
2021-02-15,19.97,1.2,1.09,6.2
2021-02-16,21.46,1.3,1.17,6.2
2021-02-17,21.5,1.29,1.18,6.2
2021-02-18,22.49,1.29,1.18,6.2
2021-02-19,22.05,1.34,1.23,6.2
2021-02-22,23.45,1.37,1.26,6.2
2021-02-23,23.11,1.37,1.26,6.2
2021-02-24,21.34,1.38,1.26,6.2
2021-02-25,28.89,1.54,1.37,6.2
2021-02-26,27.95,1.44,1.3,6.2
2021-03-01,23.35,1.45,1.32,6.1
2021-03-02,24.1,1.42,1.29,6.1
2021-03-03,26.67,1.47,1.33,6.1
2021-03-04,28.57,1.54,1.4,6.1
2021-03-05,24.66,1.56,1.42,6.1
2021-03-08,25.47,1.59,1.42,6.1
2021-03-09,24.03,1.55,1.38,6.1
2021-03-10,22.56,1.53,1.37,6.1
2021-03-11,21.91,1.54,1.4,6.1
2021-03-12,20.69,1.64,1.5,6.1
2021-03-15,20.03,1.62,1.48,6.1
2021-03-16,19.79,1.62,1.47,6.1
2021-03-17,19.23,1.63,1.5,6.1
2021-03-18,21.58,1.71,1.55,6.1
2021-03-19,20.95,1.74,1.58,6.1
2021-03-22,18.88,1.69,1.54,6.1
2021-03-23,20.3,1.63,1.48,6.1
2021-03-24,21.2,1.62,1.48,6.1
2021-03-25,19.81,1.63,1.49,6.1
2021-03-26,18.86,1.67,1.53,6.1
2021-03-29,20.74,1.73,1.59,6.1
2021-03-30,19.61,1.73,1.57,6.1
2021-03-31,19.4,1.74,1.58,6.1
2021-04-01,17.33,1.69,1.52,6.1
2021-04-02,17.33,1.72,1.53,6.1
2021-04-05,17.91,1.73,1.56,6.1
2021-04-06,18.12,1.67,1.51,6.1
2021-04-07,17.16,1.68,1.52,6.1
2021-04-08,16.95,1.64,1.5,6.1
2021-04-09,16.69,1.67,1.51,6.1
2021-04-12,16.91,1.69,1.51,6.1
2021-04-13,16.65,1.64,1.48,6.1
2021-04-14,16.99,1.64,1.48,6.1
2021-04-15,16.57,1.56,1.4,6.1
2021-04-16,16.25,1.59,1.43,6.1
2021-04-19,17.29,1.61,1.45,6.1
2021-04-20,18.68,1.58,1.43,6.1
2021-04-21,17.5,1.57,1.42,6.1
2021-04-22,18.71,1.57,1.41,6.1
2021-04-23,17.33,1.58,1.42,6.1
2021-04-26,17.64,1.58,1.4,6.1
2021-04-27,17.56,1.63,1.46,6.1
2021-04-28,17.28,1.63,1.46,6.1
2021-04-29,17.61,1.65,1.49,6.1
2021-04-30,18.61,1.65,1.49,6.1
2021-05-01,18.61,1.65,1.49,5.8
2021-05-03,18.31,1.63,1.47,5.8
2021-05-04,19.48,1.61,1.45,5.8
2021-05-05,19.15,1.59,1.43,5.8
2021-05-06,18.39,1.58,1.42,5.8
2021-05-07,16.69,1.6,1.46,5.8
2021-05-10,19.66,1.63,1.47,5.8
2021-05-11,21.84,1.64,1.48,5.8
2021-05-12,27.59,1.69,1.53,5.8
2021-05-13,23.13,1.66,1.5,5.8
2021-05-14,18.81,1.63,1.47,5.8
2021-05-17,19.72,1.64,1.48,5.8
2021-05-18,21.34,1.64,1.48,5.8
2021-05-19,22.18,1.68,1.52,5.8
2021-05-20,20.67,1.63,1.48,5.8
2021-05-21,20.15,1.63,1.46,5.8
2021-05-24,18.4,1.61,1.46,5.8
2021-05-25,18.84,1.56,1.41,5.8
2021-05-26,17.36,1.58,1.44,5.8
2021-05-27,16.74,1.61,1.47,5.8
2021-05-28,16.76,1.58,1.44,5.8
2021-05-31,16.76,1.58,1.44,5.8
2021-06-01,17.9,1.62,1.46,5.9
2021-06-02,17.48,1.59,1.46,5.9
2021-06-03,18.04,1.63,1.47,5.9
2021-06-04,16.42,1.56,1.42,5.9
2021-06-07,16.42,1.57,1.41,5.9
2021-06-08,17.07,1.53,1.39,5.9
2021-06-09,17.89,1.5,1.34,5.9
2021-06-10,16.1,1.45,1.31,5.9
2021-06-11,15.65,1.47,1.31,5.9
2021-06-14,16.39,1.51,1.35,5.9
2021-06-15,17.02,1.51,1.35,5.9
2021-06-16,18.15,1.57,1.36,5.9
2021-06-17,17.75,1.52,1.29,5.9
2021-06-18,20.7,1.45,1.19,5.9
2021-06-21,17.89,1.5,1.23,5.9
2021-06-22,16.66,1.48,1.23,5.9
2021-06-23,16.32,1.5,1.24,5.9
2021-06-24,15.97,1.49,1.23,5.9
2021-06-25,15.62,1.54,1.26,5.9
2021-06-28,15.76,1.49,1.24,5.9
2021-06-29,16.02,1.49,1.22,5.9
2021-06-30,15.83,1.45,1.2,5.9
2021-07-01,15.48,1.48,1.23,5.4
2021-07-02,15.07,1.44,1.2,5.4
2021-07-05,15.07,1.44,1.2,5.4
2021-07-06,16.44,1.37,1.15,5.4
2021-07-07,16.2,1.33,1.11,5.4
2021-07-08,19.0,1.3,1.11,5.4
2021-07-09,16.18,1.37,1.14,5.4
2021-07-12,16.17,1.38,1.15,5.4
2021-07-13,17.12,1.42,1.16,5.4
2021-07-14,16.33,1.37,1.14,5.4
2021-07-15,17.01,1.31,1.08,5.4
2021-07-16,18.45,1.31,1.06,5.4
2021-07-19,22.5,1.19,0.98,5.4
2021-07-20,19.73,1.23,1.03,5.4
2021-07-21,17.91,1.3,1.08,5.4
2021-07-22,17.69,1.27,1.07,5.4
2021-07-23,17.2,1.3,1.08,5.4
2021-07-26,17.58,1.29,1.07,5.4
2021-07-27,19.36,1.25,1.05,5.4
2021-07-28,18.31,1.26,1.06,5.4
2021-07-29,17.7,1.28,1.08,5.4
2021-07-30,18.24,1.24,1.05,5.4
2021-08-01,18.24,1.24,1.05,5.1
2021-08-02,19.46,1.2,1.03,5.1
2021-08-03,18.04,1.19,1.02,5.1
2021-08-04,17.97,1.19,1.02,5.1
2021-08-05,17.28,1.23,1.02,5.1
2021-08-06,16.15,1.31,1.1,5.1
2021-08-09,16.72,1.33,1.1,5.1
2021-08-10,16.79,1.36,1.12,5.1
2021-08-11,16.06,1.35,1.12,5.1
2021-08-12,15.59,1.36,1.13,5.1
2021-08-13,15.45,1.29,1.06,5.1
2021-08-16,16.12,1.26,1.05,5.1
2021-08-17,17.91,1.26,1.03,5.1
2021-08-18,21.57,1.27,1.04,5.1
2021-08-19,21.67,1.24,1.02,5.1
2021-08-20,18.56,1.26,1.03,5.1
2021-08-23,17.15,1.25,1.02,5.1
2021-08-24,17.22,1.29,1.05,5.1
2021-08-25,16.79,1.35,1.12,5.1
2021-08-26,18.84,1.34,1.09,5.1
2021-08-27,16.39,1.31,1.09,5.1
2021-08-30,16.19,1.29,1.09,5.1
2021-08-31,16.48,1.3,1.1,5.1
2021-09-01,16.11,1.31,1.11,4.7
2021-09-02,16.41,1.29,1.09,4.7
2021-09-03,16.41,1.33,1.12,4.7
2021-09-06,16.41,1.33,1.12,4.7
2021-09-07,18.14,1.38,1.16,4.7
2021-09-08,17.96,1.35,1.13,4.7
2021-09-09,18.8,1.3,1.07,4.7
2021-09-10,20.95,1.35,1.12,4.7
2021-09-13,19.37,1.33,1.12,4.7
2021-09-14,19.46,1.28,1.07,4.7
2021-09-15,18.18,1.31,1.1,4.7
2021-09-16,18.69,1.34,1.11,4.7
2021-09-17,20.81,1.37,1.14,4.7
2021-09-20,25.71,1.31,1.08,4.7
2021-09-21,24.36,1.33,1.11,4.7
2021-09-22,20.87,1.32,1.07,4.7
2021-09-23,18.63,1.41,1.14,4.7
2021-09-24,17.75,1.47,1.18,4.7
2021-09-27,18.76,1.48,1.17,4.7
2021-09-28,23.25,1.54,1.23,4.7
2021-09-29,22.56,1.55,1.25,4.7
2021-09-30,23.14,1.52,1.24,4.7
2021-10-01,21.15,1.48,1.21,4.5
2021-10-04,22.96,1.49,1.22,4.5
2021-10-05,21.3,1.54,1.26,4.5
2021-10-06,21.0,1.53,1.23,4.5
2021-10-07,19.54,1.58,1.26,4.5
2021-10-08,18.77,1.61,1.29,4.5
2021-10-11,20.0,1.61,1.29,4.5
2021-10-12,19.85,1.59,1.24,4.5
2021-10-13,18.64,1.56,1.19,4.5
2021-10-14,16.86,1.52,1.16,4.5
2021-10-15,16.3,1.59,1.18,4.5
2021-10-18,16.31,1.59,1.15,4.5
2021-10-19,15.7,1.65,1.24,4.5
2021-10-20,15.49,1.65,1.25,4.5
2021-10-21,15.01,1.68,1.23,4.5
2021-10-22,15.43,1.66,1.18,4.5
2021-10-25,15.24,1.64,1.17,4.5
2021-10-26,15.98,1.63,1.16,4.5
2021-10-27,16.98,1.54,1.04,4.5
2021-10-28,16.53,1.57,1.07,4.5
2021-10-29,16.26,1.55,1.07,4.5
2021-11-01,16.41,1.58,1.08,4.1
2021-11-02,16.03,1.56,1.1,4.1
2021-11-03,15.1,1.6,1.13,4.1
2021-11-04,15.44,1.53,1.12,4.1
2021-11-05,16.48,1.45,1.06,4.1
2021-11-08,17.22,1.51,1.06,4.1
2021-11-09,17.78,1.46,1.05,4.1
2021-11-10,18.73,1.56,1.05,4.1
2021-11-11,17.66,1.56,1.05,4.1
2021-11-12,16.29,1.58,1.05,4.1
2021-11-15,16.49,1.63,1.1,4.1
2021-11-16,16.37,1.63,1.09,4.1
2021-11-17,17.11,1.6,1.08,4.1
2021-11-18,17.59,1.59,1.07,4.1
2021-11-19,17.91,1.54,1.02,4.1
2021-11-22,19.17,1.63,1.0,4.1
2021-11-23,19.38,1.67,1.07,4.1
2021-11-24,18.58,1.64,1.0,4.1
2021-11-25,18.58,1.64,1.0,4.1
2021-11-26,28.62,1.48,0.98,4.1
2021-11-29,22.96,1.52,1.01,4.1
2021-11-30,27.19,1.43,0.91,4.1
2021-12-01,31.12,1.43,0.87,3.9
2021-12-02,27.95,1.44,0.81,3.9
2021-12-03,30.67,1.35,0.75,3.9
2021-12-06,27.18,1.43,0.78,3.9
2021-12-07,21.89,1.48,0.78,3.9
2021-12-08,19.9,1.52,0.84,3.9
2021-12-09,21.58,1.49,0.79,3.9
2021-12-10,18.69,1.48,0.81,3.9
2021-12-13,20.31,1.42,0.76,3.9
2021-12-14,21.89,1.44,0.77,3.9
2021-12-15,19.29,1.47,0.78,3.9
2021-12-16,20.57,1.44,0.8,3.9
2021-12-17,21.57,1.41,0.75,3.9
2021-12-20,22.87,1.43,0.78,3.9
2021-12-21,21.01,1.48,0.78,3.9
2021-12-22,18.63,1.46,0.78,3.9
2021-12-23,17.96,1.5,0.79,3.9
2021-12-24,17.96,1.5,0.79,3.9
2021-12-27,17.68,1.48,0.72,3.9
2021-12-28,17.54,1.49,0.75,3.9
2021-12-29,16.95,1.55,0.8,3.9
2021-12-30,17.33,1.52,0.79,3.9
2021-12-31,17.22,1.52,0.79,3.9
2022-01-01,17.22,1.52,0.79,4.0
2022-01-03,16.6,1.63,0.85,4.0
2022-01-04,16.91,1.66,0.89,4.0
2022-01-05,19.73,1.71,0.88,4.0
2022-01-06,19.61,1.73,0.85,4.0
2022-01-07,18.76,1.76,0.89,4.0
2022-01-10,19.4,1.78,0.86,4.0
2022-01-11,18.41,1.75,0.85,4.0
2022-01-12,17.62,1.74,0.82,4.0
2022-01-13,20.31,1.7,0.79,4.0
2022-01-14,19.19,1.78,0.79,4.0
2022-01-17,19.19,1.78,0.79,4.0
2022-01-18,22.79,1.87,0.81,4.0
2022-01-19,23.85,1.83,0.79,4.0
2022-01-20,25.59,1.83,0.75,4.0
2022-01-21,28.85,1.75,0.74,4.0
2022-01-24,29.9,1.75,0.76,4.0
2022-01-25,31.16,1.78,0.76,4.0
2022-01-26,31.96,1.85,0.72,4.0
2022-01-27,30.49,1.81,0.63,4.0
2022-01-28,27.66,1.78,0.63,4.0
2022-01-31,24.83,1.79,0.61,4.0
2022-02-01,21.96,1.81,0.63,3.9
2022-02-02,22.09,1.78,0.62,3.9
2022-02-03,24.35,1.82,0.63,3.9
2022-02-04,23.22,1.93,0.62,3.9
2022-02-07,22.86,1.92,0.62,3.9
2022-02-08,21.44,1.96,0.61,3.9
2022-02-09,19.96,1.94,0.58,3.9
2022-02-10,23.91,2.03,0.42,3.9
2022-02-11,27.36,1.92,0.42,3.9
2022-02-14,28.33,1.98,0.4,3.9
2022-02-15,25.7,2.05,0.47,3.9
2022-02-16,24.29,2.03,0.51,3.9
2022-02-17,28.11,1.97,0.48,3.9
2022-02-18,27.75,1.92,0.45,3.9
2022-02-21,27.75,1.92,0.45,3.9
2022-02-22,28.81,1.94,0.38,3.9
2022-02-23,31.02,1.99,0.41,3.9
2022-02-24,30.32,1.96,0.42,3.9
2022-02-25,27.59,1.97,0.42,3.9
2022-02-28,30.15,1.83,0.39,3.9
2022-03-01,33.32,1.72,0.41,3.7
2022-03-02,30.74,1.86,0.36,3.7
2022-03-03,30.48,1.86,0.33,3.7
2022-03-04,31.98,1.74,0.24,3.7
2022-03-07,36.45,1.78,0.23,3.7
2022-03-08,35.13,1.86,0.23,3.7
2022-03-09,32.45,1.94,0.26,3.7
2022-03-10,30.23,1.98,0.26,3.7
2022-03-11,30.75,2.0,0.25,3.7
2022-03-14,31.77,2.14,0.27,3.7
2022-03-15,29.83,2.15,0.3,3.7
2022-03-16,26.67,2.19,0.24,3.7
2022-03-17,25.67,2.2,0.26,3.7
2022-03-18,23.87,2.14,0.17,3.7
2022-03-21,23.53,2.32,0.18,3.7
2022-03-22,22.94,2.38,0.2,3.7
2022-03-23,23.57,2.32,0.19,3.7
2022-03-24,21.67,2.34,0.21,3.7
2022-03-25,20.81,2.48,0.18,3.7
2022-03-28,19.63,2.46,0.11,3.7
2022-03-29,18.9,2.41,0.06,3.7
2022-03-30,19.33,2.35,0.04,3.7
2022-03-31,20.56,2.32,0.04,3.7
2022-04-01,19.63,2.39,-0.05,3.7
2022-04-04,18.57,2.42,-0.01,3.7
2022-04-05,21.03,2.54,0.03,3.7
2022-04-06,22.1,2.61,0.11,3.7
2022-04-07,21.55,2.66,0.19,3.7
2022-04-08,21.16,2.72,0.19,3.7
2022-04-11,24.37,2.79,0.29,3.7
2022-04-12,24.26,2.72,0.33,3.7
2022-04-13,21.82,2.7,0.33,3.7
2022-04-14,22.7,2.83,0.36,3.7
2022-04-15,22.7,2.83,0.36,3.7
2022-04-18,22.17,2.85,0.39,3.7
2022-04-19,21.37,2.93,0.32,3.7
2022-04-20,20.32,2.85,0.25,3.7
2022-04-21,22.68,2.9,0.22,3.7
2022-04-22,28.21,2.9,0.18,3.7
2022-04-25,27.02,2.81,0.18,3.7
2022-04-26,33.52,2.77,0.23,3.7
2022-04-27,31.6,2.82,0.24,3.7
2022-04-28,29.99,2.85,0.22,3.7
2022-04-29,33.4,2.89,0.19,3.7
2022-05-01,33.4,2.89,0.19,3.6
2022-05-02,32.34,2.99,0.26,3.6
2022-05-03,29.25,2.97,0.19,3.6
2022-05-04,25.42,2.93,0.27,3.6
2022-05-05,31.2,3.05,0.34,3.6
2022-05-06,30.19,3.12,0.4,3.6
2022-05-09,34.75,3.05,0.44,3.6
2022-05-10,32.99,2.99,0.37,3.6
2022-05-11,32.56,2.91,0.25,3.6
2022-05-12,31.77,2.84,0.28,3.6
2022-05-13,28.87,2.93,0.32,3.6
2022-05-16,27.47,2.88,0.3,3.6
2022-05-17,26.1,2.98,0.27,3.6
2022-05-18,30.96,2.89,0.21,3.6
2022-05-19,29.35,2.84,0.21,3.6
2022-05-20,29.43,2.78,0.18,3.6
2022-05-23,28.48,2.86,0.21,3.6
2022-05-24,29.45,2.76,0.26,3.6
2022-05-25,28.37,2.75,0.27,3.6
2022-05-26,27.5,2.75,0.29,3.6
2022-05-27,25.72,2.74,0.27,3.6
2022-05-30,26.54,2.74,0.27,3.6
2022-05-31,26.19,2.85,0.32,3.6
2022-06-01,25.69,2.94,0.28,3.6
2022-06-02,24.72,2.92,0.27,3.6
2022-06-03,24.79,2.96,0.3,3.6
2022-06-06,25.07,3.04,0.31,3.6
2022-06-07,24.02,2.98,0.23,3.6
2022-06-08,23.96,3.03,0.25,3.6
2022-06-09,26.09,3.04,0.21,3.6
2022-06-10,27.75,3.15,0.09,3.6
2022-06-13,34.02,3.43,0.03,3.6
2022-06-14,32.69,3.49,0.04,3.6
2022-06-15,29.62,3.33,0.13,3.6
2022-06-16,32.95,3.28,0.14,3.6
2022-06-17,31.13,3.25,0.08,3.6
2022-06-20,31.03,3.25,0.08,3.6
2022-06-21,30.19,3.31,0.1,3.6
2022-06-22,28.95,3.16,0.1,3.6
2022-06-23,29.05,3.09,0.08,3.6
2022-06-24,27.23,3.13,0.09,3.6
2022-06-27,26.95,3.2,0.12,3.6
2022-06-28,28.36,3.2,0.1,3.6
2022-06-29,28.16,3.1,0.04,3.6
2022-06-30,28.71,2.98,0.06,3.6
2022-07-01,26.7,2.88,0.04,3.5
2022-07-04,27.53,2.88,0.04,3.5
2022-07-05,27.54,2.82,0.0,3.5
2022-07-06,26.73,2.93,-0.04,3.5
2022-07-07,26.08,3.01,-0.02,3.5
2022-07-08,24.64,3.09,-0.03,3.5
2022-07-11,26.17,2.99,-0.08,3.5
2022-07-12,27.29,2.96,-0.07,3.5
2022-07-13,26.82,2.91,-0.22,3.5
2022-07-14,26.4,2.96,-0.19,3.5
2022-07-15,24.23,2.93,-0.2,3.5
2022-07-18,25.3,2.96,-0.19,3.5
2022-07-19,24.5,3.01,-0.22,3.5
2022-07-20,23.88,3.04,-0.21,3.5
2022-07-21,23.11,2.91,-0.19,3.5
2022-07-22,23.03,2.77,-0.21,3.5
2022-07-25,23.36,2.81,-0.19,3.5
2022-07-26,24.69,2.81,-0.21,3.5
2022-07-27,23.24,2.78,-0.18,3.5
2022-07-28,22.33,2.68,-0.17,3.5
2022-07-29,21.33,2.67,-0.22,3.5
2022-08-01,22.84,2.6,-0.3,3.6
2022-08-02,23.93,2.75,-0.31,3.6
2022-08-03,21.95,2.73,-0.37,3.6
2022-08-04,21.44,2.68,-0.35,3.6
2022-08-05,21.15,2.83,-0.41,3.6
2022-08-08,21.29,2.77,-0.44,3.6
2022-08-09,21.77,2.8,-0.48,3.6
2022-08-10,19.74,2.78,-0.45,3.6
2022-08-11,20.2,2.87,-0.36,3.6
2022-08-12,19.53,2.84,-0.41,3.6
2022-08-15,19.95,2.79,-0.41,3.6
2022-08-16,19.69,2.82,-0.43,3.6
2022-08-17,19.9,2.89,-0.39,3.6
2022-08-18,19.56,2.88,-0.34,3.6
2022-08-19,20.6,2.98,-0.27,3.6
2022-08-22,23.8,3.03,-0.29,3.6
2022-08-23,24.11,3.05,-0.24,3.6
2022-08-24,22.82,3.11,-0.25,3.6
2022-08-25,21.78,3.03,-0.32,3.6
2022-08-26,25.56,3.04,-0.33,3.6
2022-08-29,26.21,3.12,-0.3,3.6
2022-08-30,26.21,3.11,-0.35,3.6
2022-08-31,25.87,3.15,-0.3,3.6
2022-09-01,25.56,3.26,-0.25,3.5
2022-09-02,25.47,3.2,-0.2,3.5
2022-09-05,25.99,3.2,-0.2,3.5
2022-09-06,26.91,3.33,-0.17,3.5
2022-09-07,24.64,3.27,-0.18,3.5
2022-09-08,23.61,3.29,-0.19,3.5
2022-09-09,22.79,3.33,-0.23,3.5
2022-09-12,23.87,3.37,-0.21,3.5
2022-09-13,27.27,3.42,-0.33,3.5
2022-09-14,26.16,3.41,-0.37,3.5
2022-09-15,26.27,3.45,-0.42,3.5
2022-09-16,26.3,3.45,-0.4,3.5
2022-09-19,25.76,3.49,-0.46,3.5
2022-09-20,27.16,3.57,-0.39,3.5
2022-09-21,27.99,3.51,-0.51,3.5
2022-09-22,27.35,3.7,-0.41,3.5
2022-09-23,29.92,3.69,-0.51,3.5
2022-09-26,32.26,3.88,-0.39,3.5
2022-09-27,32.6,3.97,-0.33,3.5
2022-09-28,30.18,3.72,-0.35,3.5
2022-09-29,31.84,3.76,-0.4,3.5
2022-09-30,31.62,3.83,-0.39,3.5
2022-10-01,31.62,3.83,-0.39,3.6
2022-10-03,30.1,3.67,-0.45,3.6
2022-10-04,29.07,3.62,-0.48,3.6
2022-10-05,28.55,3.76,-0.39,3.6
2022-10-06,30.52,3.83,-0.4,3.6
2022-10-07,31.36,3.89,-0.41,3.6
2022-10-10,32.45,3.89,-0.41,3.6
2022-10-11,33.63,3.93,-0.37,3.6
2022-10-12,33.57,3.91,-0.37,3.6
2022-10-13,31.94,3.97,-0.5,3.6
2022-10-14,32.02,4.0,-0.48,3.6
2022-10-17,31.37,4.02,-0.43,3.6
2022-10-18,30.5,4.01,-0.42,3.6
2022-10-19,30.76,4.14,-0.41,3.6
2022-10-20,29.98,4.24,-0.38,3.6
2022-10-21,29.69,4.21,-0.28,3.6
2022-10-24,29.85,4.25,-0.25,3.6
2022-10-25,28.46,4.1,-0.32,3.6
2022-10-26,27.28,4.04,-0.35,3.6
2022-10-27,27.39,3.96,-0.34,3.6
2022-10-28,25.75,4.02,-0.39,3.6
2022-10-31,25.88,4.1,-0.41,3.6
2022-11-01,25.81,4.07,-0.47,3.6
2022-11-02,25.86,4.1,-0.51,3.6
2022-11-03,25.3,4.14,-0.57,3.6
2022-11-04,24.55,4.17,-0.49,3.6
2022-11-07,24.35,4.22,-0.5,3.6
2022-11-08,25.54,4.14,-0.53,3.6
2022-11-09,26.09,4.12,-0.49,3.6
2022-11-10,23.53,3.82,-0.52,3.6
2022-11-11,22.52,3.82,-0.52,3.6
2022-11-14,23.73,3.88,-0.52,3.6
2022-11-15,24.54,3.8,-0.57,3.6
2022-11-16,24.11,3.67,-0.68,3.6
2022-11-17,23.93,3.77,-0.66,3.6
2022-11-18,23.12,3.82,-0.69,3.6
2022-11-21,22.36,3.83,-0.65,3.6
2022-11-22,21.29,3.76,-0.71,3.6
2022-11-23,20.35,3.71,-0.75,3.6
2022-11-24,20.42,3.71,-0.75,3.6
2022-11-25,20.5,3.68,-0.74,3.6
2022-11-28,22.21,3.69,-0.77,3.6
2022-11-29,21.89,3.75,-0.73,3.6
2022-11-30,20.58,3.68,-0.7,3.6
2022-12-01,19.84,3.53,-0.72,3.5
2022-12-02,19.06,3.51,-0.77,3.5
2022-12-05,20.75,3.6,-0.81,3.5
2022-12-06,22.17,3.51,-0.83,3.5
2022-12-07,22.68,3.42,-0.84,3.5
2022-12-08,22.29,3.48,-0.83,3.5
2022-12-09,22.83,3.57,-0.76,3.5
2022-12-12,25.0,3.61,-0.78,3.5
2022-12-13,22.55,3.51,-0.71,3.5
2022-12-14,21.14,3.49,-0.74,3.5
2022-12-15,22.83,3.44,-0.79,3.5
2022-12-16,22.62,3.48,-0.69,3.5
2022-12-19,22.42,3.57,-0.68,3.5
2022-12-20,21.48,3.69,-0.56,3.5
2022-12-21,20.07,3.68,-0.53,3.5
2022-12-22,21.97,3.67,-0.57,3.5
2022-12-23,20.87,3.75,-0.56,3.5
2022-12-26,20.87,3.75,-0.56,3.5
2022-12-27,21.65,3.84,-0.48,3.5
2022-12-28,22.14,3.88,-0.43,3.5
2022-12-29,21.44,3.83,-0.51,3.5
2022-12-30,21.67,3.88,-0.53,3.5
2023-01-01,21.67,3.88,-0.53,3.5
2023-01-02,21.67,3.88,-0.53,3.5
2023-01-03,22.9,3.79,-0.61,3.5
2023-01-04,22.01,3.69,-0.67,3.5
2023-01-05,22.46,3.71,-0.74,3.5
2023-01-06,21.13,3.55,-0.69,3.5
2023-01-09,21.97,3.53,-0.66,3.5
2023-01-10,20.58,3.61,-0.63,3.5
2023-01-11,21.09,3.54,-0.66,3.5
2023-01-12,18.83,3.43,-0.69,3.5
2023-01-13,18.35,3.49,-0.73,3.5
2023-01-16,19.49,3.49,-0.73,3.5
2023-01-17,19.36,3.53,-0.65,3.5
2023-01-18,20.34,3.37,-0.69,3.5
2023-01-19,20.52,3.39,-0.7,3.5
2023-01-20,19.85,3.48,-0.66,3.5
2023-01-23,19.81,3.52,-0.69,3.5
2023-01-24,19.2,3.46,-0.66,3.5
2023-01-25,19.08,3.46,-0.65,3.5
2023-01-26,18.73,3.49,-0.68,3.5
2023-01-27,18.51,3.52,-0.67,3.5
2023-01-30,19.94,3.55,-0.7,3.5
2023-01-31,19.4,3.52,-0.69,3.5
2023-02-01,17.87,3.39,-0.7,3.6
2023-02-02,18.73,3.4,-0.69,3.6
2023-02-03,18.33,3.53,-0.77,3.6
2023-02-06,19.43,3.63,-0.81,3.6
2023-02-07,18.66,3.67,-0.8,3.6
2023-02-08,19.63,3.63,-0.82,3.6
2023-02-09,20.71,3.67,-0.81,3.6
2023-02-10,20.53,3.74,-0.76,3.6
2023-02-13,20.34,3.72,-0.8,3.6
2023-02-14,18.91,3.77,-0.83,3.6
2023-02-15,18.23,3.81,-0.81,3.6
2023-02-16,20.17,3.86,-0.76,3.6
2023-02-17,20.02,3.82,-0.78,3.6
2023-02-20,21.23,3.82,-0.78,3.6
2023-02-21,22.87,3.95,-0.72,3.6
2023-02-22,22.29,3.93,-0.73,3.6
2023-02-23,21.14,3.88,-0.78,3.6
2023-02-24,21.67,3.95,-0.83,3.6
2023-02-27,20.95,3.92,-0.86,3.6
2023-02-28,20.7,3.92,-0.89,3.6
2023-03-01,20.58,4.01,-0.88,3.5
2023-03-02,19.59,4.08,-0.81,3.5
2023-03-03,18.49,3.97,-0.89,3.5
2023-03-06,18.61,3.98,-0.91,3.5
2023-03-07,19.59,3.97,-1.03,3.5
2023-03-08,19.11,3.98,-1.07,3.5
2023-03-09,22.61,3.93,-0.97,3.5
2023-03-10,24.8,3.7,-0.9,3.5
2023-03-13,26.52,3.55,-0.48,3.5
2023-03-14,23.73,3.64,-0.56,3.5
2023-03-15,26.14,3.51,-0.42,3.5
2023-03-16,22.99,3.56,-0.58,3.5
2023-03-17,25.51,3.39,-0.42,3.5
2023-03-20,24.15,3.47,-0.45,3.5
2023-03-21,21.38,3.59,-0.58,3.5
2023-03-22,22.26,3.48,-0.48,3.5
2023-03-23,22.61,3.38,-0.38,3.5
2023-03-24,21.74,3.38,-0.38,3.5
2023-03-27,20.6,3.53,-0.41,3.5
2023-03-28,19.97,3.55,-0.47,3.5
2023-03-29,19.12,3.57,-0.51,3.5
2023-03-30,19.02,3.55,-0.55,3.5
2023-03-31,18.7,3.48,-0.58,3.5
2023-04-01,18.7,3.48,-0.58,3.4
2023-04-03,18.55,3.43,-0.54,3.4
2023-04-04,19.0,3.35,-0.49,3.4
2023-04-05,19.08,3.3,-0.49,3.4
2023-04-06,18.4,3.3,-0.52,3.4
2023-04-07,18.4,3.39,-0.58,3.4
2023-04-10,18.97,3.41,-0.59,3.4
2023-04-11,19.1,3.43,-0.6,3.4
2023-04-12,19.09,3.41,-0.54,3.4
2023-04-13,17.8,3.45,-0.51,3.4
2023-04-14,17.07,3.52,-0.56,3.4
2023-04-17,16.95,3.6,-0.58,3.4
2023-04-18,16.83,3.58,-0.61,3.4
2023-04-19,16.46,3.6,-0.64,3.4
2023-04-20,17.17,3.54,-0.6,3.4
2023-04-21,16.77,3.57,-0.6,3.4
2023-04-24,16.89,3.52,-0.6,3.4
2023-04-25,18.76,3.4,-0.46,3.4
2023-04-26,18.84,3.43,-0.47,3.4
2023-04-27,17.03,3.53,-0.54,3.4
2023-04-28,15.78,3.44,-0.6,3.4
2023-05-01,16.08,3.59,-0.55,3.6
2023-05-02,17.78,3.44,-0.53,3.6
2023-05-03,18.34,3.38,-0.51,3.6
2023-05-04,20.09,3.37,-0.38,3.6
2023-05-05,17.19,3.44,-0.48,3.6
2023-05-08,16.98,3.52,-0.48,3.6
2023-05-09,17.71,3.53,-0.48,3.6
2023-05-10,16.94,3.43,-0.47,3.6
2023-05-11,16.93,3.39,-0.5,3.6
2023-05-12,17.03,3.46,-0.52,3.6
2023-05-15,17.12,3.5,-0.49,3.6
2023-05-16,17.99,3.54,-0.52,3.6
2023-05-17,16.87,3.57,-0.55,3.6
2023-05-18,16.05,3.65,-0.59,3.6
2023-05-19,16.81,3.7,-0.58,3.6
2023-05-22,17.21,3.72,-0.57,3.6
2023-05-23,18.53,3.7,-0.56,3.6
2023-05-24,20.03,3.73,-0.58,3.6
2023-05-25,19.14,3.83,-0.67,3.6
2023-05-26,17.95,3.8,-0.74,3.6
2023-05-29,17.46,3.8,-0.74,3.6
2023-05-30,17.46,3.69,-0.77,3.6
2023-05-31,17.94,3.64,-0.76,3.6
2023-06-01,15.65,3.61,-0.72,3.6
2023-06-02,14.6,3.69,-0.81,3.6
2023-06-05,14.73,3.69,-0.77,3.6
2023-06-06,13.96,3.7,-0.81,3.6
2023-06-07,13.94,3.79,-0.77,3.6
2023-06-08,13.65,3.73,-0.79,3.6
2023-06-09,13.83,3.75,-0.84,3.6
2023-06-12,15.01,3.73,-0.82,3.6
2023-06-13,14.61,3.84,-0.83,3.6
2023-06-14,13.88,3.83,-0.91,3.6
2023-06-15,14.5,3.72,-0.9,3.6
2023-06-16,13.54,3.77,-0.93,3.6
2023-06-19,14.19,3.77,-0.93,3.6
2023-06-20,13.88,3.74,-0.94,3.6
2023-06-21,13.2,3.72,-0.96,3.6
2023-06-22,12.91,3.8,-0.97,3.6
2023-06-23,13.44,3.74,-0.97,3.6
2023-06-26,14.25,3.72,-0.93,3.6
2023-06-27,13.74,3.77,-0.97,3.6
2023-06-28,13.43,3.71,-1.0,3.6
2023-06-29,13.54,3.85,-1.02,3.6
2023-06-30,13.59,3.81,-1.06,3.6
2023-07-01,13.59,3.81,-1.06,3.5
2023-07-03,13.57,3.86,-1.08,3.5
2023-07-04,13.7,3.86,-1.08,3.5
2023-07-05,14.18,3.95,-0.99,3.5
2023-07-06,15.44,4.05,-0.94,3.5
2023-07-07,14.83,4.06,-0.88,3.5
2023-07-10,15.07,4.01,-0.84,3.5
2023-07-11,14.84,3.99,-0.89,3.5
2023-07-12,13.54,3.86,-0.86,3.5
2023-07-13,13.61,3.76,-0.83,3.5
2023-07-14,13.34,3.83,-0.91,3.5
2023-07-17,13.48,3.81,-0.93,3.5
2023-07-18,13.3,3.8,-0.94,3.5
2023-07-19,13.76,3.75,-0.99,3.5
2023-07-20,13.99,3.85,-0.95,3.5
2023-07-21,13.6,3.84,-0.98,3.5
2023-07-24,13.91,3.86,-0.95,3.5
2023-07-25,13.86,3.91,-0.94,3.5
2023-07-26,13.19,3.86,-0.96,3.5
2023-07-27,14.41,4.01,-0.9,3.5
2023-07-28,13.33,3.96,-0.91,3.5
2023-07-31,13.63,3.97,-0.91,3.5
2023-08-01,13.93,4.05,-0.87,3.7
2023-08-02,16.09,4.08,-0.8,3.7
2023-08-03,15.92,4.2,-0.7,3.7
2023-08-04,17.1,4.05,-0.73,3.7
2023-08-07,15.77,4.09,-0.67,3.7
2023-08-08,15.99,4.02,-0.72,3.7
2023-08-09,15.96,4.0,-0.79,3.7
2023-08-10,15.85,4.09,-0.73,3.7
2023-08-11,14.84,4.16,-0.73,3.7
2023-08-14,14.82,4.19,-0.77,3.7
2023-08-15,16.46,4.21,-0.71,3.7
2023-08-16,16.78,4.28,-0.69,3.7
2023-08-17,17.89,4.3,-0.64,3.7
2023-08-18,17.3,4.26,-0.66,3.7
2023-08-21,17.13,4.34,-0.63,3.7
2023-08-22,16.97,4.34,-0.68,3.7
2023-08-23,15.98,4.19,-0.76,3.7
2023-08-24,17.2,4.23,-0.75,3.7
2023-08-25,15.68,4.25,-0.78,3.7
2023-08-28,15.08,4.2,-0.78,3.7
2023-08-29,14.45,4.12,-0.75,3.7
2023-08-30,13.88,4.12,-0.78,3.7
2023-08-31,13.57,4.09,-0.76,3.7
2023-09-01,13.09,4.18,-0.69,3.7
2023-09-04,13.82,4.18,-0.69,3.7
2023-09-05,14.01,4.27,-0.67,3.7
2023-09-06,14.45,4.3,-0.71,3.7
2023-09-07,14.4,4.27,-0.67,3.7
2023-09-08,13.84,4.26,-0.72,3.7
2023-09-11,13.8,4.29,-0.68,3.7
2023-09-12,14.23,4.27,-0.71,3.7
2023-09-13,13.48,4.25,-0.71,3.7
2023-09-14,12.82,4.29,-0.71,3.7
2023-09-15,13.79,4.33,-0.69,3.7
2023-09-18,14.0,4.32,-0.73,3.7
2023-09-19,14.11,4.37,-0.71,3.7
2023-09-20,15.14,4.35,-0.77,3.7
2023-09-21,17.54,4.49,-0.63,3.7
2023-09-22,17.2,4.44,-0.66,3.7
2023-09-25,16.9,4.55,-0.54,3.7
2023-09-26,18.94,4.56,-0.48,3.7
2023-09-27,18.22,4.61,-0.49,3.7
2023-09-28,17.34,4.59,-0.45,3.7
2023-09-29,17.52,4.59,-0.44,3.7
2023-10-01,17.52,4.59,-0.44,3.9
2023-10-02,17.61,4.69,-0.43,3.9
2023-10-03,19.78,4.81,-0.34,3.9
2023-10-04,18.58,4.73,-0.32,3.9
2023-10-05,18.49,4.72,-0.31,3.9
2023-10-06,17.45,4.78,-0.3,3.9
2023-10-09,17.7,4.78,-0.3,3.9
2023-10-10,17.03,4.66,-0.3,3.9
2023-10-11,16.09,4.58,-0.41,3.9
2023-10-12,16.69,4.7,-0.36,3.9
2023-10-13,19.32,4.63,-0.41,3.9
2023-10-16,17.21,4.71,-0.38,3.9
2023-10-17,17.88,4.83,-0.36,3.9
2023-10-18,19.22,4.91,-0.28,3.9
2023-10-19,21.4,4.98,-0.16,3.9
2023-10-20,21.71,4.93,-0.14,3.9
2023-10-23,20.37,4.86,-0.19,3.9
2023-10-24,18.97,4.83,-0.19,3.9
2023-10-25,20.19,4.95,-0.13,3.9
2023-10-26,20.68,4.86,-0.16,3.9
2023-10-27,21.27,4.84,-0.15,3.9
2023-10-30,19.75,4.88,-0.15,3.9
2023-10-31,18.14,4.88,-0.19,3.9
2023-11-01,16.87,4.77,-0.18,3.7
2023-11-02,15.66,4.67,-0.31,3.7
2023-11-03,14.91,4.57,-0.26,3.7
2023-11-06,14.89,4.67,-0.26,3.7
2023-11-07,14.81,4.58,-0.33,3.7
2023-11-08,14.45,4.49,-0.44,3.7
2023-11-09,15.29,4.62,-0.41,3.7
2023-11-10,14.17,4.61,-0.43,3.7
2023-11-13,14.76,4.63,-0.39,3.7
2023-11-14,14.16,4.44,-0.36,3.7
2023-11-15,14.18,4.53,-0.37,3.7
2023-11-16,14.32,4.45,-0.38,3.7
2023-11-17,13.8,4.44,-0.44,3.7
2023-11-20,13.41,4.42,-0.47,3.7
2023-11-21,13.35,4.41,-0.45,3.7
2023-11-22,12.85,4.42,-0.47,3.7
2023-11-23,12.8,4.42,-0.47,3.7
2023-11-24,12.46,4.47,-0.45,3.7
2023-11-27,12.69,4.39,-0.45,3.7
2023-11-28,12.69,4.34,-0.39,3.7
2023-11-29,12.98,4.27,-0.37,3.7
2023-11-30,12.92,4.37,-0.36,3.7
2023-12-01,12.63,4.22,-0.34,3.8
2023-12-04,13.08,4.28,-0.36,3.8
2023-12-05,12.85,4.18,-0.39,3.8
2023-12-06,12.97,4.12,-0.48,3.8
2023-12-07,13.06,4.14,-0.44,3.8
2023-12-08,12.35,4.23,-0.48,3.8
2023-12-11,12.63,4.23,-0.48,3.8
2023-12-12,12.07,4.2,-0.53,3.8
2023-12-13,12.19,4.04,-0.42,3.8
2023-12-14,12.48,3.92,-0.45,3.8
2023-12-15,12.28,3.91,-0.53,3.8
2023-12-18,12.56,3.95,-0.48,3.8
2023-12-19,12.53,3.93,-0.48,3.8
2023-12-20,13.67,3.86,-0.48,3.8
2023-12-21,13.65,3.89,-0.44,3.8
2023-12-22,13.03,3.9,-0.41,3.8
2023-12-25,13.03,3.9,-0.41,3.8
2023-12-26,12.99,3.89,-0.37,3.8
2023-12-27,12.43,3.79,-0.41,3.8
2023-12-28,12.47,3.84,-0.42,3.8
2023-12-29,12.45,3.88,-0.35,3.8
2024-01-01,12.45,3.88,-0.35,3.7
2024-01-02,13.2,3.95,-0.38,3.7
2024-01-03,14.04,3.91,-0.42,3.7
2024-01-04,14.13,3.99,-0.39,3.7
2024-01-05,13.35,4.05,-0.35,3.7
2024-01-08,13.08,4.01,-0.35,3.7
2024-01-09,12.76,4.02,-0.34,3.7
2024-01-10,12.69,4.04,-0.33,3.7
2024-01-11,12.44,3.98,-0.28,3.7
2024-01-12,12.7,3.96,-0.18,3.7
2024-01-15,13.25,3.96,-0.18,3.7
2024-01-16,13.84,4.07,-0.15,3.7
2024-01-17,14.79,4.1,-0.24,3.7
2024-01-18,14.13,4.14,-0.2,3.7
2024-01-19,13.3,4.15,-0.24,3.7
2024-01-22,13.19,4.11,-0.26,3.7
2024-01-23,12.55,4.14,-0.17,3.7
2024-01-24,13.14,4.18,-0.16,3.7
2024-01-25,13.45,4.14,-0.14,3.7
2024-01-26,13.26,4.15,-0.19,3.7
2024-01-29,13.6,4.08,-0.21,3.7
2024-01-30,13.31,4.06,-0.3,3.7
2024-01-31,14.35,3.99,-0.28,3.7
2024-02-01,13.88,3.87,-0.33,3.9
2024-02-02,13.85,4.03,-0.33,3.9
2024-02-05,13.67,4.17,-0.29,3.9
2024-02-06,13.06,4.09,-0.3,3.9
2024-02-07,12.83,4.09,-0.32,3.9
2024-02-08,12.79,4.15,-0.31,3.9
2024-02-09,12.93,4.17,-0.31,3.9
2024-02-12,13.93,4.17,-0.29,3.9
2024-02-13,15.85,4.31,-0.33,3.9
2024-02-14,14.38,4.27,-0.29,3.9
2024-02-15,14.01,4.24,-0.32,3.9
2024-02-16,14.24,4.3,-0.34,3.9
2024-02-19,14.71,4.3,-0.34,3.9
2024-02-20,15.42,4.27,-0.32,3.9
2024-02-21,15.34,4.32,-0.32,3.9
2024-02-22,14.54,4.33,-0.36,3.9
2024-02-23,13.75,4.26,-0.41,3.9
2024-02-26,13.74,4.28,-0.41,3.9
2024-02-27,13.43,4.31,-0.39,3.9
2024-02-28,13.84,4.27,-0.37,3.9
2024-02-29,13.4,4.25,-0.39,3.9
2024-03-01,13.11,4.19,-0.35,3.9
2024-03-04,13.49,4.22,-0.39,3.9
2024-03-05,14.46,4.13,-0.41,3.9
2024-03-06,14.5,4.11,-0.44,3.9
2024-03-07,14.44,4.09,-0.41,3.9
2024-03-08,14.74,4.09,-0.39,3.9
2024-03-11,15.22,4.1,-0.41,3.9
2024-03-12,13.84,4.16,-0.42,3.9
2024-03-13,13.75,4.19,-0.42,3.9
2024-03-14,14.4,4.29,-0.39,3.9
2024-03-15,14.41,4.31,-0.41,3.9
2024-03-18,14.33,4.34,-0.39,3.9
2024-03-19,13.82,4.3,-0.38,3.9
2024-03-20,13.04,4.27,-0.32,3.9
2024-03-21,12.92,4.27,-0.35,3.9
2024-03-22,13.06,4.22,-0.37,3.9
2024-03-25,13.19,4.25,-0.29,3.9
2024-03-26,13.24,4.24,-0.32,3.9
2024-03-27,12.78,4.2,-0.34,3.9
2024-03-28,13.01,4.2,-0.39,3.9
2024-03-29,13.01,4.2,-0.39,3.9
2024-04-01,13.65,4.33,-0.39,3.9
2024-04-02,14.61,4.36,-0.34,3.9
2024-04-03,14.33,4.36,-0.32,3.9
2024-04-04,16.35,4.31,-0.34,3.9
2024-04-05,16.03,4.39,-0.34,3.9
2024-04-08,15.19,4.42,-0.36,3.9
2024-04-09,14.98,4.36,-0.38,3.9
2024-04-10,15.8,4.55,-0.42,3.9
2024-04-11,14.91,4.56,-0.37,3.9
2024-04-12,17.31,4.5,-0.38,3.9
2024-04-15,19.23,4.63,-0.3,3.9
2024-04-16,18.4,4.67,-0.3,3.9
2024-04-17,18.21,4.59,-0.34,3.9
2024-04-18,18.0,4.64,-0.34,3.9
2024-04-19,18.71,4.62,-0.35,3.9
2024-04-22,16.94,4.62,-0.35,3.9
2024-04-23,15.69,4.61,-0.25,3.9
2024-04-24,15.97,4.65,-0.24,3.9
2024-04-25,15.37,4.7,-0.26,3.9
2024-04-26,15.03,4.67,-0.29,3.9
2024-04-29,14.67,4.63,-0.34,3.9
2024-04-30,15.65,4.69,-0.35,3.9
2024-05-01,15.39,4.63,-0.33,3.9
2024-05-02,14.68,4.58,-0.29,3.9
2024-05-03,13.49,4.5,-0.31,3.9
2024-05-06,13.49,4.49,-0.33,3.9
2024-05-07,13.23,4.47,-0.35,3.9
2024-05-08,13.0,4.48,-0.36,3.9
2024-05-09,12.69,4.45,-0.35,3.9
2024-05-10,12.55,4.5,-0.37,3.9
2024-05-13,13.6,4.48,-0.37,3.9
2024-05-14,13.42,4.45,-0.36,3.9
2024-05-15,12.45,4.36,-0.37,3.9
2024-05-16,12.42,4.38,-0.4,3.9
2024-05-17,11.99,4.42,-0.41,3.9
2024-05-20,12.15,4.44,-0.38,3.9
2024-05-21,11.86,4.41,-0.41,3.9
2024-05-22,12.29,4.43,-0.43,3.9
2024-05-23,12.77,4.47,-0.44,3.9
2024-05-24,11.93,4.46,-0.47,3.9
2024-05-27,12.36,4.46,-0.47,3.9
2024-05-28,12.92,4.54,-0.4,3.9
2024-05-29,14.28,4.61,-0.35,3.9
2024-05-30,14.47,4.55,-0.37,3.9
2024-05-31,12.92,4.51,-0.38,3.9
2024-06-01,12.92,4.51,-0.38,4.1
2024-06-03,13.11,4.41,-0.41,4.1
2024-06-04,13.16,4.33,-0.44,4.1
2024-06-05,12.63,4.29,-0.43,4.1
2024-06-06,12.58,4.28,-0.44,4.1
2024-06-07,12.22,4.43,-0.44,4.1
2024-06-10,12.74,4.47,-0.4,4.1
2024-06-11,12.85,4.39,-0.42,4.1
2024-06-12,12.04,4.31,-0.44,4.1
2024-06-13,11.94,4.24,-0.44,4.1
2024-06-14,12.66,4.2,-0.47,4.1
2024-06-17,12.75,4.28,-0.47,4.1
2024-06-18,12.3,4.22,-0.47,4.1
2024-06-19,12.48,4.22,-0.47,4.1
2024-06-20,13.28,4.25,-0.45,4.1
2024-06-21,13.2,4.25,-0.45,4.1
2024-06-24,13.33,4.25,-0.46,4.1
2024-06-25,12.84,4.23,-0.42,4.1
2024-06-26,12.55,4.32,-0.39,4.1
2024-06-27,12.24,4.29,-0.41,4.1
2024-06-28,12.44,4.36,-0.35,4.1
2024-07-01,12.22,4.48,-0.29,4.2
2024-07-02,12.03,4.43,-0.31,4.2
2024-07-03,12.09,4.36,-0.35,4.2
2024-07-04,12.26,4.36,-0.35,4.2
2024-07-05,12.48,4.28,-0.32,4.2
2024-07-08,12.37,4.28,-0.34,4.2
2024-07-09,12.51,4.3,-0.32,4.2
2024-07-10,12.85,4.28,-0.34,4.2
2024-07-11,12.92,4.2,-0.3,4.2
2024-07-12,12.46,4.18,-0.27,4.2
2024-07-15,13.12,4.23,-0.21,4.2
2024-07-16,13.19,4.17,-0.26,4.2
2024-07-17,14.48,4.16,-0.26,4.2
2024-07-18,15.93,4.2,-0.26,4.2
2024-07-19,16.52,4.25,-0.24,4.2
2024-07-22,14.91,4.26,-0.24,4.2
2024-07-23,14.72,4.25,-0.15,4.2
2024-07-24,18.04,4.28,-0.09,4.2
2024-07-25,18.46,4.27,-0.14,4.2
2024-07-26,16.39,4.2,-0.16,4.2
2024-07-29,16.6,4.17,-0.19,4.2
2024-07-30,17.69,4.15,-0.2,4.2
2024-07-31,16.36,4.09,-0.2,4.2
2024-08-01,18.59,3.99,-0.17,4.2
2024-08-02,23.39,3.8,-0.08,4.2
2024-08-05,38.57,3.78,-0.11,4.2
2024-08-06,27.71,3.9,-0.09,4.2
2024-08-07,27.85,3.96,-0.04,4.2
2024-08-08,23.79,3.99,-0.05,4.2
2024-08-09,20.37,3.94,-0.11,4.2
2024-08-12,20.71,3.9,-0.11,4.2
2024-08-13,18.12,3.85,-0.08,4.2
2024-08-14,16.19,3.83,-0.11,4.2
2024-08-15,15.23,3.92,-0.16,4.2
2024-08-16,14.8,3.89,-0.17,4.2
2024-08-19,14.65,3.86,-0.2,4.2
2024-08-20,15.88,3.82,-0.17,4.2
2024-08-21,16.27,3.79,-0.13,4.2
2024-08-22,17.55,3.86,-0.13,4.2
2024-08-23,15.86,3.81,-0.09,4.2
2024-08-26,16.15,3.82,-0.09,4.2
2024-08-27,15.43,3.83,0.0,4.2
2024-08-28,17.11,3.84,0.01,4.2
2024-08-29,15.65,3.87,0.0,4.2
2024-08-30,15.0,3.91,0.0,4.2
2024-09-01,15.0,3.91,0.0,4.1
2024-09-02,15.55,3.91,0.0,4.1
2024-09-03,20.72,3.84,-0.04,4.1
2024-09-04,21.32,3.77,0.01,4.1
2024-09-05,19.9,3.73,-0.02,4.1
2024-09-06,22.38,3.72,0.06,4.1
2024-09-09,19.45,3.7,0.02,4.1
2024-09-10,19.08,3.65,0.06,4.1
2024-09-11,17.69,3.65,0.03,4.1
2024-09-12,17.07,3.68,0.04,4.1
2024-09-13,16.56,3.66,0.09,4.1
2024-09-16,17.14,3.63,0.07,4.1
2024-09-17,17.61,3.65,0.06,4.1
2024-09-18,18.23,3.7,0.09,4.1
2024-09-19,16.33,3.73,0.14,4.1
2024-09-20,16.15,3.73,0.18,4.1
2024-09-23,15.89,3.75,0.18,4.1
2024-09-24,15.39,3.74,0.25,4.1
2024-09-25,15.41,3.79,0.26,4.1
2024-09-26,15.37,3.79,0.19,4.1
2024-09-27,16.96,3.75,0.2,4.1
2024-09-30,16.73,3.81,0.15,4.1
2024-10-01,19.26,3.74,0.13,4.1
2024-10-02,18.9,3.79,0.16,4.1
2024-10-03,20.49,3.85,0.15,4.1
2024-10-04,19.21,3.98,0.05,4.1
2024-10-07,22.64,4.03,0.04,4.1
2024-10-08,21.42,4.04,0.06,4.1
2024-10-09,20.86,4.06,0.07,4.1
2024-10-10,20.93,4.09,0.11,4.1
2024-10-11,20.46,4.08,0.13,4.1
2024-10-14,19.7,4.08,0.13,4.1
2024-10-15,20.64,4.03,0.08,4.1
2024-10-16,19.58,4.02,0.09,4.1
2024-10-17,19.11,4.09,0.13,4.1
2024-10-18,18.03,4.08,0.13,4.1
2024-10-21,18.37,4.19,0.17,4.1
2024-10-22,18.2,4.2,0.17,4.1
2024-10-23,19.24,4.24,0.17,4.1
2024-10-24,19.08,4.21,0.14,4.1
2024-10-25,20.33,4.25,0.14,4.1
2024-10-28,19.8,4.28,0.16,4.1
2024-10-29,19.34,4.28,0.17,4.1
2024-10-30,20.35,4.29,0.14,4.1
2024-10-31,23.16,4.28,0.12,4.1
2024-11-01,21.88,4.37,0.16,4.2
2024-11-04,21.98,4.31,0.14,4.2
2024-11-05,20.49,4.26,0.07,4.2
2024-11-06,16.27,4.42,0.15,4.2
2024-11-07,15.2,4.31,0.1,4.2
2024-11-08,14.94,4.3,0.04,4.2
2024-11-11,14.97,4.3,0.04,4.2
2024-11-12,14.71,4.43,0.09,4.2
2024-11-13,14.02,4.44,0.17,4.2
2024-11-14,14.31,4.43,0.09,4.2
2024-11-15,16.14,4.43,0.12,4.2
2024-11-18,15.58,4.42,0.13,4.2
2024-11-19,16.35,4.39,0.12,4.2
2024-11-20,17.16,4.41,0.1,4.2
2024-11-21,16.87,4.43,0.09,4.2
2024-11-22,15.24,4.41,0.04,4.2
2024-11-25,14.6,4.27,0.06,4.2
2024-11-26,14.1,4.3,0.09,4.2
2024-11-27,14.1,4.25,0.06,4.2
2024-11-28,13.9,4.25,0.06,4.2
2024-11-29,13.51,4.18,0.05,4.2
2024-12-01,13.51,4.18,0.05,4.1
2024-12-02,13.34,4.19,0.02,4.1
2024-12-03,13.3,4.23,0.06,4.1
2024-12-04,13.45,4.19,0.06,4.1
2024-12-05,13.54,4.17,0.02,4.1
2024-12-06,12.77,4.15,0.05,4.1
2024-12-09,14.19,4.2,0.07,4.1
2024-12-10,14.18,4.22,0.07,4.1
2024-12-11,13.58,4.26,0.11,4.1
2024-12-12,13.92,4.32,0.14,4.1
2024-12-13,13.81,4.4,0.15,4.1
2024-12-16,14.69,4.39,0.14,4.1
2024-12-17,15.87,4.4,0.15,4.1
2024-12-18,27.62,4.5,0.15,4.1
2024-12-19,24.09,4.57,0.25,4.1
2024-12-20,18.36,4.52,0.22,4.1
2024-12-23,16.78,4.59,0.29,4.1
2024-12-24,14.27,4.59,0.3,4.1
2024-12-25,14.27,4.59,0.3,4.1
2024-12-26,14.73,4.58,0.28,4.1
2024-12-27,15.95,4.62,0.31,4.1
2024-12-30,17.4,4.55,0.31,4.1
2024-12-31,17.35,4.58,0.33,4.1
2025-01-01,17.35,4.58,0.33,4.0
2025-01-02,17.93,4.57,0.32,4.0
2025-01-03,16.13,4.6,0.32,4.0
2025-01-06,16.04,4.62,0.34,4.0
2025-01-07,17.82,4.67,0.37,4.0
2025-01-08,17.7,4.67,0.39,4.0
2025-01-09,18.07,4.68,0.41,4.0
2025-01-10,19.54,4.77,0.37,4.0
2025-01-13,19.19,4.79,0.39,4.0
2025-01-14,18.71,4.78,0.41,4.0
2025-01-15,16.12,4.66,0.39,4.0
2025-01-16,16.6,4.61,0.38,4.0
2025-01-17,15.97,4.61,0.34,4.0
2025-01-20,15.81,4.61,0.34,4.0
2025-01-21,15.06,4.57,0.28,4.0
2025-01-22,15.1,4.6,0.31,4.0
2025-01-23,15.02,4.65,0.36,4.0
2025-01-24,14.85,4.63,0.36,4.0
2025-01-27,17.9,4.53,0.36,4.0
2025-01-28,16.41,4.55,0.36,4.0
2025-01-29,16.56,4.55,0.34,4.0
2025-01-30,15.84,4.52,0.34,4.0
2025-01-31,16.43,4.58,0.36,4.0
2025-02-01,16.43,4.58,0.36,4.2
2025-02-03,18.62,4.54,0.28,4.2
2025-02-04,17.21,4.52,0.31,4.2
2025-02-05,15.77,4.43,0.26,4.2
2025-02-06,15.5,4.45,0.24,4.2
2025-02-07,16.54,4.49,0.2,4.2
2025-02-10,15.81,4.51,0.23,4.2
2025-02-11,16.02,4.54,0.25,4.2
2025-02-12,15.89,4.62,0.26,4.2
2025-02-13,15.1,4.52,0.21,4.2
2025-02-14,14.77,4.47,0.21,4.2
2025-02-17,15.37,4.47,0.21,4.2
2025-02-18,15.35,4.55,0.26,4.2
2025-02-19,15.27,4.53,0.25,4.2
2025-02-20,15.66,4.5,0.22,4.2
2025-02-21,18.21,4.42,0.23,4.2
2025-02-24,18.98,4.4,0.27,4.2
2025-02-25,19.43,4.3,0.23,4.2
2025-02-26,19.1,4.25,0.2,4.2
2025-02-27,21.13,4.29,0.22,4.2
2025-02-28,19.63,4.24,0.25,4.2
2025-03-01,19.63,4.24,0.25,4.2
2025-03-03,22.78,4.16,0.2,4.2
2025-03-04,23.51,4.22,0.26,4.2
2025-03-05,21.93,4.28,0.29,4.2
2025-03-06,24.87,4.29,0.33,4.2
2025-03-07,23.37,4.32,0.33,4.2
2025-03-10,27.86,4.22,0.33,4.2
2025-03-11,26.92,4.28,0.34,4.2
2025-03-12,24.23,4.32,0.31,4.2
2025-03-13,24.66,4.27,0.33,4.2
2025-03-14,21.77,4.31,0.29,4.2
2025-03-17,20.51,4.31,0.25,4.2
2025-03-18,21.7,4.29,0.25,4.2
2025-03-19,19.9,4.25,0.26,4.2
2025-03-20,19.8,4.24,0.29,4.2
2025-03-21,19.28,4.25,0.31,4.2
2025-03-24,17.48,4.34,0.3,4.2
2025-03-25,17.15,4.31,0.35,4.2
2025-03-26,18.33,4.35,0.37,4.2
2025-03-27,18.69,4.38,0.41,4.2
2025-03-28,21.65,4.27,0.38,4.2
2025-03-31,22.28,4.23,0.34,4.2
2025-04-01,21.77,4.17,0.3,4.2
2025-04-02,21.51,4.2,0.29,4.2
2025-04-03,30.02,4.06,0.35,4.2
2025-04-04,45.31,4.01,0.33,4.2
2025-04-07,46.98,4.15,0.42,4.2
2025-04-08,52.33,4.26,0.55,4.2
2025-04-09,33.62,4.34,0.43,4.2
2025-04-10,40.72,4.4,0.56,4.2
2025-04-11,37.56,4.48,0.52,4.2
2025-04-14,30.89,4.38,0.54,4.2
2025-04-15,30.12,4.35,0.51,4.2
2025-04-16,32.64,4.29,0.52,4.2
2025-04-17,29.65,4.34,0.53,4.2
2025-04-18,29.65,4.34,0.53,4.2
2025-04-21,33.82,4.42,0.67,4.2
2025-04-22,30.57,4.41,0.65,4.2
2025-04-23,28.45,4.4,0.59,4.2
2025-04-24,26.47,4.32,0.55,4.2
2025-04-25,24.84,4.29,0.55,4.2
2025-04-28,25.15,4.23,0.56,4.2
2025-04-29,24.17,4.19,0.54,4.2
2025-04-30,24.7,4.17,0.57,4.2
2025-05-01,24.6,4.25,0.55,4.3
2025-05-02,22.68,4.33,0.5,4.3
2025-05-05,23.64,4.36,0.53,4.3
2025-05-06,24.76,4.3,0.52,4.3
2025-05-07,23.55,4.26,0.48,4.3
2025-05-08,22.48,4.37,0.47,4.3
2025-05-09,21.9,4.37,0.49,4.3
2025-05-12,18.39,4.45,0.47,4.3
2025-05-13,18.22,4.49,0.47,4.3
2025-05-14,18.62,4.53,0.48,4.3
2025-05-15,17.83,4.45,0.49,4.3
2025-05-16,17.24,4.43,0.45,4.3
2025-05-19,18.14,4.46,0.49,4.3
2025-05-20,18.09,4.48,0.51,4.3
2025-05-21,20.87,4.58,0.58,4.3
2025-05-22,20.28,4.54,0.54,4.3
2025-05-23,22.29,4.51,0.51,4.3
2025-05-26,20.57,4.51,0.51,4.3
2025-05-27,18.96,4.43,0.51,4.3
2025-05-28,19.31,4.47,0.51,4.3
2025-05-29,19.18,4.43,0.51,4.3
2025-05-30,18.57,4.41,0.52,4.3
2025-06-01,18.57,4.41,0.52,4.1
2025-06-02,18.36,4.46,0.52,4.1
2025-06-03,17.69,4.46,0.5,4.1
2025-06-04,17.61,4.37,0.5,4.1
2025-06-05,18.48,4.4,0.48,4.1
2025-06-06,16.77,4.51,0.47,4.1
2025-06-09,17.16,4.49,0.48,4.1
2025-06-10,16.95,4.47,0.46,4.1
2025-06-11,17.26,4.41,0.47,4.1
2025-06-12,18.02,4.36,0.46,4.1
2025-06-13,20.82,4.41,0.45,4.1
2025-06-16,19.11,4.46,0.49,4.1
2025-06-17,21.6,4.39,0.45,4.1
2025-06-18,20.14,4.38,0.44,4.1
2025-06-19,22.17,4.38,0.44,4.1
2025-06-20,20.62,4.38,0.48,4.1
2025-06-23,19.83,4.34,0.5,4.1
2025-06-24,17.48,4.3,0.55,4.1
2025-06-25,16.76,4.29,0.55,4.1
2025-06-26,16.59,4.26,0.56,4.1
2025-06-27,16.32,4.29,0.56,4.1
2025-06-30,16.73,4.24,0.52,4.1
2025-07-01,16.83,4.26,0.48,4.3
2025-07-02,16.64,4.3,0.52,4.3
2025-07-03,16.38,4.35,0.47,4.3
2025-07-04,17.48,4.35,0.47,4.3
2025-07-07,17.79,4.4,0.5,4.3
2025-07-08,16.81,4.42,0.52,4.3
2025-07-09,15.94,4.34,0.48,4.3
2025-07-10,15.78,4.35,0.49,4.3
2025-07-11,16.4,4.43,0.53,4.3
2025-07-14,17.2,4.43,0.53,4.3
2025-07-15,17.38,4.5,0.55,4.3
2025-07-16,17.16,4.46,0.58,4.3
2025-07-17,16.52,4.47,0.56,4.3
2025-07-18,16.41,4.44,0.56,4.3
2025-07-21,16.65,4.38,0.53,4.3
2025-07-22,16.5,4.35,0.52,4.3
2025-07-23,15.37,4.4,0.52,4.3
2025-07-24,15.39,4.43,0.52,4.3
2025-07-25,14.93,4.4,0.49,4.3
2025-07-28,15.03,4.42,0.51,4.3
2025-07-29,15.98,4.34,0.48,4.3
2025-07-30,15.48,4.38,0.44,4.3
2025-07-31,16.72,4.37,0.43,4.3
2025-08-01,20.38,4.23,0.54,4.3
2025-08-04,17.52,4.22,0.53,4.3
2025-08-05,17.85,4.22,0.5,4.3
2025-08-06,16.77,4.22,0.53,4.3
2025-08-07,16.57,4.23,0.51,4.3
2025-08-08,15.15,4.27,0.51,4.3
2025-08-11,16.25,4.27,0.51,4.3
2025-08-12,14.73,4.29,0.57,4.3
2025-08-13,14.49,4.24,0.57,4.3
2025-08-14,14.83,4.29,0.55,4.3
2025-08-15,15.09,4.33,0.58,4.3
2025-08-18,14.99,4.34,0.57,4.3
2025-08-19,15.57,4.3,0.55,4.3
2025-08-20,15.69,4.29,0.55,4.3
2025-08-21,16.6,4.33,0.54,4.3
2025-08-22,14.22,4.26,0.58,4.3
2025-08-25,14.79,4.28,0.55,4.3
2025-08-26,14.62,4.26,0.65,4.3
2025-08-27,14.85,4.24,0.65,4.3
2025-08-28,14.43,4.22,0.6,4.3
2025-08-29,15.36,4.23,0.64,4.3
2025-09-01,16.12,4.23,0.64,4.4
2025-09-02,17.17,4.28,0.62,4.4
2025-09-03,16.35,4.22,0.61,4.4
2025-09-04,15.3,4.17,0.58,4.4
2025-09-05,15.18,4.1,0.59,4.4
2025-09-08,15.11,4.05,0.56,4.4
2025-09-09,15.04,4.08,0.54,4.4
2025-09-10,15.35,4.04,0.5,4.4
2025-09-11,14.71,4.01,0.49,4.4
2025-09-12,14.76,4.06,0.5,4.4
2025-09-15,15.69,4.05,0.51,4.4
2025-09-16,16.36,4.04,0.53,4.4
2025-09-17,15.72,4.06,0.54,4.4
2025-09-18,15.7,4.11,0.54,4.4
2025-09-19,15.45,4.14,0.57,4.4
2025-09-22,16.1,4.15,0.54,4.4
2025-09-23,16.64,4.12,0.59,4.4
2025-09-24,16.18,4.16,0.59,4.4
2025-09-25,16.74,4.18,0.54,4.4
2025-09-26,15.29,4.2,0.57,4.4
2025-09-29,16.12,4.15,0.52,4.4
2025-09-30,16.28,4.16,0.56,4.4
2025-10-01,16.29,4.12,0.57,4.4
2025-10-02,16.63,4.1,0.55,4.4
2025-10-03,16.65,4.13,0.55,4.4
2025-10-06,16.37,4.18,0.58,4.4
2025-10-07,17.24,4.14,0.57,4.4
2025-10-08,16.3,4.13,0.55,4.4
2025-10-09,16.43,4.14,0.54,4.4
2025-10-10,21.66,4.05,0.53,4.4
2025-10-13,19.03,4.05,0.53,4.4
2025-10-14,20.81,4.03,0.55,4.4
2025-10-15,20.64,4.05,0.55,4.4
2025-10-16,25.31,3.99,0.58,4.4
2025-10-17,20.78,4.02,0.56,4.4
2025-10-20,18.23,4.0,0.54,4.4
2025-10-21,17.87,3.98,0.53,4.4
2025-10-22,18.6,3.97,0.52,4.4
2025-10-23,17.3,4.01,0.53,4.4
2025-10-24,16.37,4.02,0.54,4.4
2025-10-27,15.79,4.01,0.53,4.4
2025-10-28,16.42,3.99,0.52,4.4
2025-10-29,16.92,4.08,0.49,4.4
2025-10-30,16.91,4.11,0.5,4.4
2025-10-31,17.44,4.11,0.51,4.4
2025-11-01,17.44,4.11,0.51,4.5
2025-11-03,17.17,4.13,0.53,4.5
2025-11-04,19.0,4.1,0.52,4.5
2025-11-05,18.01,4.17,0.54,4.5
2025-11-06,19.5,4.11,0.54,4.5
2025-11-07,19.08,4.11,0.56,4.5
2025-11-10,17.6,4.13,0.55,4.5
2025-11-11,17.28,4.13,0.55,4.5
2025-11-12,17.51,4.08,0.52,4.5
2025-11-13,20.0,4.11,0.53,4.5
2025-11-14,19.83,4.14,0.52,4.5
2025-11-17,22.38,4.13,0.53,4.5
2025-11-18,24.69,4.12,0.54,4.5
2025-11-19,23.66,4.13,0.55,4.5
2025-11-20,26.42,4.1,0.55,4.5
2025-11-21,23.43,4.06,0.55,4.5
2025-11-24,20.52,4.04,0.58,4.5
2025-11-25,18.56,4.01,0.58,4.5
2025-11-26,17.19,4.0,0.55,4.5
2025-11-27,17.21,4.0,0.55,4.5
2025-11-28,16.35,4.02,0.55,4.5
2025-12-01,17.24,4.09,0.55,4.4
2025-12-02,16.59,4.09,0.58,4.4
2025-12-03,16.08,4.06,0.57,4.4
2025-12-04,15.78,4.11,0.59,4.4
2025-12-05,15.41,4.14,0.58,4.4
2025-12-08,16.66,4.17,0.6,4.4
2025-12-09,16.93,4.18,0.57,4.4
2025-12-10,15.77,4.13,0.59,4.4
2025-12-11,14.85,4.14,0.62,4.4
2025-12-12,15.74,4.19,0.67,4.4
2025-12-15,16.5,4.18,0.67,4.4
2025-12-16,16.48,4.15,0.67,4.4
2025-12-17,17.62,4.16,0.67,4.4
2025-12-18,16.87,4.12,0.66,4.4
2025-12-19,14.91,4.16,0.68,4.4
2025-12-22,14.08,4.17,0.73,4.4
2025-12-23,14.0,4.18,0.7,4.4
2025-12-24,13.47,4.15,0.68,4.4
2025-12-25,13.47,4.15,0.68,4.4
2025-12-26,13.6,4.14,0.68,4.4
2025-12-29,14.2,4.12,0.67,4.4
2025-12-30,14.33,4.14,0.69,4.4
2025-12-31,14.95,4.18,0.71,4.4
